"Date(UTC)","UnixTimeStamp","No. of ERC20 Token Transfers"
"2015-07-30","1438214400","0"
"2015-07-31","1438300800","0"
"2015-08-01","1438387200","0"
"2015-08-02","1438473600","0"
"2015-08-03","1438560000","0"
"2015-08-04","1438646400","0"
"2015-08-05","1438732800","0"
"2015-08-06","1438819200","0"
"2015-08-07","1438905600","0"
"2015-08-08","1438992000","0"
"2015-08-09","1439078400","0"
"2015-08-10","1439164800","0"
"2015-08-11","1439251200","0"
"2015-08-12","1439337600","0"
"2015-08-13","1439424000","0"
"2015-08-14","1439510400","0"
"2015-08-15","1439596800","0"
"2015-08-16","1439683200","0"
"2015-08-17","1439769600","0"
"2015-08-18","1439856000","0"
"2015-08-19","1439942400","0"
"2015-08-20","1440028800","0"
"2015-08-21","1440115200","0"
"2015-08-22","1440201600","0"
"2015-08-23","1440288000","0"
"2015-08-24","1440374400","0"
"2015-08-25","1440460800","0"
"2015-08-26","1440547200","0"
"2015-08-27","1440633600","0"
"2015-08-28","1440720000","0"
"2015-08-29","1440806400","0"
"2015-08-30","1440892800","0"
"2015-08-31","1440979200","0"
"2015-09-01","1441065600","0"
"2015-09-02","1441152000","0"
"2015-09-03","1441238400","0"
"2015-09-04","1441324800","0"
"2015-09-05","1441411200","0"
"2015-09-06","1441497600","0"
"2015-09-07","1441584000","0"
"2015-09-08","1441670400","0"
"2015-09-09","1441756800","0"
"2015-09-10","1441843200","0"
"2015-09-11","1441929600","0"
"2015-09-12","1442016000","0"
"2015-09-13","1442102400","0"
"2015-09-14","1442188800","0"
"2015-09-15","1442275200","0"
"2015-09-16","1442361600","0"
"2015-09-17","1442448000","0"
"2015-09-18","1442534400","0"
"2015-09-19","1442620800","0"
"2015-09-20","1442707200","0"
"2015-09-21","1442793600","0"
"2015-09-22","1442880000","0"
"2015-09-23","1442966400","0"
"2015-09-24","1443052800","0"
"2015-09-25","1443139200","0"
"2015-09-26","1443225600","0"
"2015-09-27","1443312000","0"
"2015-09-28","1443398400","0"
"2015-09-29","1443484800","0"
"2015-09-30","1443571200","0"
"2015-10-01","1443657600","0"
"2015-10-02","1443744000","0"
"2015-10-03","1443830400","0"
"2015-10-04","1443916800","0"
"2015-10-05","1444003200","0"
"2015-10-06","1444089600","0"
"2015-10-07","1444176000","0"
"2015-10-08","1444262400","0"
"2015-10-09","1444348800","0"
"2015-10-10","1444435200","0"
"2015-10-11","1444521600","0"
"2015-10-12","1444608000","0"
"2015-10-13","1444694400","0"
"2015-10-14","1444780800","0"
"2015-10-15","1444867200","0"
"2015-10-16","1444953600","0"
"2015-10-17","1445040000","0"
"2015-10-18","1445126400","0"
"2015-10-19","1445212800","0"
"2015-10-20","1445299200","0"
"2015-10-21","1445385600","0"
"2015-10-22","1445472000","0"
"2015-10-23","1445558400","0"
"2015-10-24","1445644800","0"
"2015-10-25","1445731200","0"
"2015-10-26","1445817600","0"
"2015-10-27","1445904000","0"
"2015-10-28","1445990400","0"
"2015-10-29","1446076800","0"
"2015-10-30","1446163200","3"
"2015-10-31","1446249600","0"
"2015-11-01","1446336000","0"
"2015-11-02","1446422400","1"
"2015-11-03","1446508800","30"
"2015-11-04","1446595200","18"
"2015-11-05","1446681600","12"
"2015-11-06","1446768000","0"
"2015-11-07","1446854400","0"
"2015-11-08","1446940800","18"
"2015-11-09","1447027200","39"
"2015-11-10","1447113600","39"
"2015-11-11","1447200000","27"
"2015-11-12","1447286400","5"
"2015-11-13","1447372800","3"
"2015-11-14","1447459200","1"
"2015-11-15","1447545600","4"
"2015-11-16","1447632000","2"
"2015-11-17","1447718400","0"
"2015-11-18","1447804800","1"
"2015-11-19","1447891200","0"
"2015-11-20","1447977600","2"
"2015-11-21","1448064000","0"
"2015-11-22","1448150400","0"
"2015-11-23","1448236800","0"
"2015-11-24","1448323200","0"
"2015-11-25","1448409600","0"
"2015-11-26","1448496000","2"
"2015-11-27","1448582400","0"
"2015-11-28","1448668800","3"
"2015-11-29","1448755200","1"
"2015-11-30","1448841600","0"
"2015-12-01","1448928000","0"
"2015-12-02","1449014400","1"
"2015-12-03","1449100800","1"
"2015-12-04","1449187200","16"
"2015-12-05","1449273600","7"
"2015-12-06","1449360000","4"
"2015-12-07","1449446400","6"
"2015-12-08","1449532800","5"
"2015-12-09","1449619200","1"
"2015-12-10","1449705600","9"
"2015-12-11","1449792000","6"
"2015-12-12","1449878400","3"
"2015-12-13","1449964800","1"
"2015-12-14","1450051200","4"
"2015-12-15","1450137600","4"
"2015-12-16","1450224000","0"
"2015-12-17","1450310400","0"
"2015-12-18","1450396800","0"
"2015-12-19","1450483200","0"
"2015-12-20","1450569600","0"
"2015-12-21","1450656000","2"
"2015-12-22","1450742400","0"
"2015-12-23","1450828800","4"
"2015-12-24","1450915200","0"
"2015-12-25","1451001600","0"
"2015-12-26","1451088000","3"
"2015-12-27","1451174400","0"
"2015-12-28","1451260800","1"
"2015-12-29","1451347200","2"
"2015-12-30","1451433600","2"
"2015-12-31","1451520000","0"
"2016-01-01","1451606400","0"
"2016-01-02","1451692800","0"
"2016-01-03","1451779200","0"
"2016-01-04","1451865600","0"
"2016-01-05","1451952000","0"
"2016-01-06","1452038400","1"
"2016-01-07","1452124800","5"
"2016-01-08","1452211200","0"
"2016-01-09","1452297600","7"
"2016-01-10","1452384000","0"
"2016-01-11","1452470400","0"
"2016-01-12","1452556800","1"
"2016-01-13","1452643200","1"
"2016-01-14","1452729600","3"
"2016-01-15","1452816000","8"
"2016-01-16","1452902400","0"
"2016-01-17","1452988800","2"
"2016-01-18","1453075200","3"
"2016-01-19","1453161600","1"
"2016-01-20","1453248000","4"
"2016-01-21","1453334400","3"
"2016-01-22","1453420800","4"
"2016-01-23","1453507200","4"
"2016-01-24","1453593600","5"
"2016-01-25","1453680000","2"
"2016-01-26","1453766400","4"
"2016-01-27","1453852800","1"
"2016-01-28","1453939200","1049"
"2016-01-29","1454025600","232"
"2016-01-30","1454112000","13"
"2016-01-31","1454198400","2"
"2016-02-01","1454284800","13"
"2016-02-02","1454371200","169"
"2016-02-03","1454457600","24"
"2016-02-04","1454544000","8"
"2016-02-05","1454630400","12"
"2016-02-06","1454716800","9"
"2016-02-07","1454803200","21"
"2016-02-08","1454889600","32"
"2016-02-09","1454976000","5"
"2016-02-10","1455062400","13"
"2016-02-11","1455148800","51"
"2016-02-12","1455235200","10"
"2016-02-13","1455321600","3"
"2016-02-14","1455408000","6"
"2016-02-15","1455494400","23"
"2016-02-16","1455580800","16"
"2016-02-17","1455667200","25"
"2016-02-18","1455753600","8"
"2016-02-19","1455840000","4"
"2016-02-20","1455926400","0"
"2016-02-21","1456012800","3"
"2016-02-22","1456099200","24"
"2016-02-23","1456185600","39"
"2016-02-24","1456272000","34"
"2016-02-25","1456358400","33"
"2016-02-26","1456444800","38"
"2016-02-27","1456531200","11"
"2016-02-28","1456617600","9"
"2016-02-29","1456704000","45"
"2016-03-01","1456790400","40"
"2016-03-02","1456876800","46"
"2016-03-03","1456963200","28"
"2016-03-04","1457049600","141"
"2016-03-05","1457136000","8"
"2016-03-06","1457222400","27"
"2016-03-07","1457308800","24"
"2016-03-08","1457395200","63"
"2016-03-09","1457481600","44"
"2016-03-10","1457568000","38"
"2016-03-11","1457654400","66"
"2016-03-12","1457740800","54"
"2016-03-13","1457827200","27"
"2016-03-14","1457913600","40"
"2016-03-15","1458000000","31"
"2016-03-16","1458086400","26"
"2016-03-17","1458172800","32"
"2016-03-18","1458259200","31"
"2016-03-19","1458345600","23"
"2016-03-20","1458432000","63"
"2016-03-21","1458518400","324"
"2016-03-22","1458604800","3072"
"2016-03-23","1458691200","906"
"2016-03-24","1458777600","4911"
"2016-03-25","1458864000","2164"
"2016-03-26","1458950400","5508"
"2016-03-27","1459036800","510"
"2016-03-28","1459123200","4227"
"2016-03-29","1459209600","683"
"2016-03-30","1459296000","2753"
"2016-03-31","1459382400","571"
"2016-04-01","1459468800","3250"
"2016-04-02","1459555200","471"
"2016-04-03","1459641600","514"
"2016-04-04","1459728000","3419"
"2016-04-05","1459814400","6172"
"2016-04-06","1459900800","1142"
"2016-04-07","1459987200","2154"
"2016-04-08","1460073600","4097"
"2016-04-09","1460160000","1200"
"2016-04-10","1460246400","513"
"2016-04-11","1460332800","468"
"2016-04-12","1460419200","2264"
"2016-04-13","1460505600","1573"
"2016-04-14","1460592000","1247"
"2016-04-15","1460678400","4724"
"2016-04-16","1460764800","247"
"2016-04-17","1460851200","214"
"2016-04-18","1460937600","1351"
"2016-04-19","1461024000","1097"
"2016-04-20","1461110400","1092"
"2016-04-21","1461196800","875"
"2016-04-22","1461283200","239"
"2016-04-23","1461369600","167"
"2016-04-24","1461456000","2124"
"2016-04-25","1461542400","2967"
"2016-04-26","1461628800","772"
"2016-04-27","1461715200","297"
"2016-04-28","1461801600","1420"
"2016-04-29","1461888000","1285"
"2016-04-30","1461974400","379"
"2016-05-01","1462060800","1385"
"2016-05-02","1462147200","243"
"2016-05-03","1462233600","315"
"2016-05-04","1462320000","1237"
"2016-05-05","1462406400","414"
"2016-05-06","1462492800","4039"
"2016-05-07","1462579200","333"
"2016-05-08","1462665600","1400"
"2016-05-09","1462752000","346"
"2016-05-10","1462838400","418"
"2016-05-11","1462924800","347"
"2016-05-12","1463011200","1630"
"2016-05-13","1463097600","276"
"2016-05-14","1463184000","1488"
"2016-05-15","1463270400","232"
"2016-05-16","1463356800","1207"
"2016-05-17","1463443200","300"
"2016-05-18","1463529600","1037"
"2016-05-19","1463616000","598"
"2016-05-20","1463702400","219"
"2016-05-21","1463788800","1067"
"2016-05-22","1463875200","151"
"2016-05-23","1463961600","170"
"2016-05-24","1464048000","257"
"2016-05-25","1464134400","251"
"2016-05-26","1464220800","273"
"2016-05-27","1464307200","344"
"2016-05-28","1464393600","11106"
"2016-05-29","1464480000","3907"
"2016-05-30","1464566400","2340"
"2016-05-31","1464652800","1730"
"2016-06-01","1464739200","1425"
"2016-06-02","1464825600","1018"
"2016-06-03","1464912000","981"
"2016-06-04","1464998400","835"
"2016-06-05","1465084800","947"
"2016-06-06","1465171200","966"
"2016-06-07","1465257600","1132"
"2016-06-08","1465344000","1651"
"2016-06-09","1465430400","1210"
"2016-06-10","1465516800","1132"
"2016-06-11","1465603200","1135"
"2016-06-12","1465689600","1039"
"2016-06-13","1465776000","1705"
"2016-06-14","1465862400","2235"
"2016-06-15","1465948800","1625"
"2016-06-16","1466035200","1338"
"2016-06-17","1466121600","19029"
"2016-06-18","1466208000","4088"
"2016-06-19","1466294400","2018"
"2016-06-20","1466380800","1661"
"2016-06-21","1466467200","4811"
"2016-06-22","1466553600","3233"
"2016-06-23","1466640000","806"
"2016-06-24","1466726400","897"
"2016-06-25","1466812800","662"
"2016-06-26","1466899200","1023"
"2016-06-27","1466985600","811"
"2016-06-28","1467072000","989"
"2016-06-29","1467158400","909"
"2016-06-30","1467244800","707"
"2016-07-01","1467331200","552"
"2016-07-02","1467417600","616"
"2016-07-03","1467504000","578"
"2016-07-04","1467590400","625"
"2016-07-05","1467676800","836"
"2016-07-06","1467763200","540"
"2016-07-07","1467849600","509"
"2016-07-08","1467936000","539"
"2016-07-09","1468022400","851"
"2016-07-10","1468108800","403"
"2016-07-11","1468195200","886"
"2016-07-12","1468281600","527"
"2016-07-13","1468368000","548"
"2016-07-14","1468454400","2651"
"2016-07-15","1468540800","915"
"2016-07-16","1468627200","888"
"2016-07-17","1468713600","519"
"2016-07-18","1468800000","1665"
"2016-07-19","1468886400","777"
"2016-07-20","1468972800","2763"
"2016-07-21","1469059200","2156"
"2016-07-22","1469145600","1512"
"2016-07-23","1469232000","1334"
"2016-07-24","1469318400","1918"
"2016-07-25","1469404800","1432"
"2016-07-26","1469491200","1227"
"2016-07-27","1469577600","1055"
"2016-07-28","1469664000","5766"
"2016-07-29","1469750400","2649"
"2016-07-30","1469836800","1999"
"2016-07-31","1469923200","561"
"2016-08-01","1470009600","826"
"2016-08-02","1470096000","851"
"2016-08-03","1470182400","502"
"2016-08-04","1470268800","524"
"2016-08-05","1470355200","430"
"2016-08-06","1470441600","317"
"2016-08-07","1470528000","983"
"2016-08-08","1470614400","13398"
"2016-08-09","1470700800","1675"
"2016-08-10","1470787200","566"
"2016-08-11","1470873600","407"
"2016-08-12","1470960000","599"
"2016-08-13","1471046400","308"
"2016-08-14","1471132800","280"
"2016-08-15","1471219200","522"
"2016-08-16","1471305600","1275"
"2016-08-17","1471392000","327"
"2016-08-18","1471478400","226"
"2016-08-19","1471564800","323"
"2016-08-20","1471651200","274"
"2016-08-21","1471737600","491"
"2016-08-22","1471824000","674"
"2016-08-23","1471910400","729"
"2016-08-24","1471996800","575"
"2016-08-25","1472083200","494"
"2016-08-26","1472169600","520"
"2016-08-27","1472256000","395"
"2016-08-28","1472342400","528"
"2016-08-29","1472428800","378"
"2016-08-30","1472515200","347"
"2016-08-31","1472601600","383"
"2016-09-01","1472688000","362"
"2016-09-02","1472774400","621"
"2016-09-03","1472860800","267"
"2016-09-04","1472947200","325"
"2016-09-05","1473033600","351"
"2016-09-06","1473120000","707"
"2016-09-07","1473206400","403"
"2016-09-08","1473292800","436"
"2016-09-09","1473379200","276"
"2016-09-10","1473465600","275"
"2016-09-11","1473552000","286"
"2016-09-12","1473638400","501"
"2016-09-13","1473724800","417"
"2016-09-14","1473811200","508"
"2016-09-15","1473897600","485"
"2016-09-16","1473984000","621"
"2016-09-17","1474070400","977"
"2016-09-18","1474156800","302"
"2016-09-19","1474243200","281"
"2016-09-20","1474329600","1039"
"2016-09-21","1474416000","1322"
"2016-09-22","1474502400","310"
"2016-09-23","1474588800","207"
"2016-09-24","1474675200","243"
"2016-09-25","1474761600","398"
"2016-09-26","1474848000","188"
"2016-09-27","1474934400","290"
"2016-09-28","1475020800","311"
"2016-09-29","1475107200","370"
"2016-09-30","1475193600","291"
"2016-10-01","1475280000","221"
"2016-10-02","1475366400","437"
"2016-10-03","1475452800","725"
"2016-10-04","1475539200","5875"
"2016-10-05","1475625600","2196"
"2016-10-06","1475712000","1455"
"2016-10-07","1475798400","1056"
"2016-10-08","1475884800","826"
"2016-10-09","1475971200","729"
"2016-10-10","1476057600","896"
"2016-10-11","1476144000","923"
"2016-10-12","1476230400","631"
"2016-10-13","1476316800","200"
"2016-10-14","1476403200","254"
"2016-10-15","1476489600","104"
"2016-10-16","1476576000","134"
"2016-10-17","1476662400","457"
"2016-10-18","1476748800","522"
"2016-10-19","1476835200","1807"
"2016-10-20","1476921600","486"
"2016-10-21","1477008000","3025"
"2016-10-22","1477094400","726"
"2016-10-23","1477180800","585"
"2016-10-24","1477267200","2241"
"2016-10-25","1477353600","2498"
"2016-10-26","1477440000","1734"
"2016-10-27","1477526400","2031"
"2016-10-28","1477612800","3030"
"2016-10-29","1477699200","3665"
"2016-10-30","1477785600","2886"
"2016-10-31","1477872000","1013"
"2016-11-01","1477958400","5504"
"2016-11-02","1478044800","774"
"2016-11-03","1478131200","636"
"2016-11-04","1478217600","428"
"2016-11-05","1478304000","465"
"2016-11-06","1478390400","396"
"2016-11-07","1478476800","470"
"2016-11-08","1478563200","535"
"2016-11-09","1478649600","559"
"2016-11-10","1478736000","478"
"2016-11-11","1478822400","1358"
"2016-11-12","1478908800","979"
"2016-11-13","1478995200","1486"
"2016-11-14","1479081600","1731"
"2016-11-15","1479168000","1374"
"2016-11-16","1479254400","1053"
"2016-11-17","1479340800","764"
"2016-11-18","1479427200","730"
"2016-11-19","1479513600","613"
"2016-11-20","1479600000","702"
"2016-11-21","1479686400","740"
"2016-11-22","1479772800","2692"
"2016-11-23","1479859200","439"
"2016-11-24","1479945600","321"
"2016-11-25","1480032000","342"
"2016-11-26","1480118400","1022"
"2016-11-27","1480204800","320"
"2016-11-28","1480291200","632"
"2016-11-29","1480377600","1571"
"2016-11-30","1480464000","578"
"2016-12-01","1480550400","586"
"2016-12-02","1480636800","1701"
"2016-12-03","1480723200","413"
"2016-12-04","1480809600","460"
"2016-12-05","1480896000","805"
"2016-12-06","1480982400","1055"
"2016-12-07","1481068800","4554"
"2016-12-08","1481155200","749"
"2016-12-09","1481241600","682"
"2016-12-10","1481328000","1920"
"2016-12-11","1481414400","812"
"2016-12-12","1481500800","712"
"2016-12-13","1481587200","1160"
"2016-12-14","1481673600","2410"
"2016-12-15","1481760000","1641"
"2016-12-16","1481846400","615"
"2016-12-17","1481932800","472"
"2016-12-18","1482019200","557"
"2016-12-19","1482105600","2228"
"2016-12-20","1482192000","999"
"2016-12-21","1482278400","5382"
"2016-12-22","1482364800","3739"
"2016-12-23","1482451200","1924"
"2016-12-24","1482537600","550"
"2016-12-25","1482624000","565"
"2016-12-26","1482710400","636"
"2016-12-27","1482796800","2865"
"2016-12-28","1482883200","1466"
"2016-12-29","1482969600","1915"
"2016-12-30","1483056000","2031"
"2016-12-31","1483142400","568"
"2017-01-01","1483228800","489"
"2017-01-02","1483315200","683"
"2017-01-03","1483401600","3083"
"2017-01-04","1483488000","1769"
"2017-01-05","1483574400","2593"
"2017-01-06","1483660800","2024"
"2017-01-07","1483747200","1865"
"2017-01-08","1483833600","1729"
"2017-01-09","1483920000","1413"
"2017-01-10","1484006400","2845"
"2017-01-11","1484092800","1175"
"2017-01-12","1484179200","2240"
"2017-01-13","1484265600","2584"
"2017-01-14","1484352000","1286"
"2017-01-15","1484438400","1460"
"2017-01-16","1484524800","902"
"2017-01-17","1484611200","2893"
"2017-01-18","1484697600","1171"
"2017-01-19","1484784000","2315"
"2017-01-20","1484870400","2548"
"2017-01-21","1484956800","1405"
"2017-01-22","1485043200","1761"
"2017-01-23","1485129600","1374"
"2017-01-24","1485216000","3756"
"2017-01-25","1485302400","2594"
"2017-01-26","1485388800","2890"
"2017-01-27","1485475200","2887"
"2017-01-28","1485561600","1594"
"2017-01-29","1485648000","1493"
"2017-01-30","1485734400","937"
"2017-01-31","1485820800","3123"
"2017-02-01","1485907200","3402"
"2017-02-02","1485993600","2449"
"2017-02-03","1486080000","2866"
"2017-02-04","1486166400","1571"
"2017-02-05","1486252800","1858"
"2017-02-06","1486339200","1078"
"2017-02-07","1486425600","3180"
"2017-02-08","1486512000","2414"
"2017-02-09","1486598400","2590"
"2017-02-10","1486684800","2477"
"2017-02-11","1486771200","1658"
"2017-02-12","1486857600","1857"
"2017-02-13","1486944000","1297"
"2017-02-14","1487030400","3205"
"2017-02-15","1487116800","2273"
"2017-02-16","1487203200","1173"
"2017-02-17","1487289600","931"
"2017-02-18","1487376000","3119"
"2017-02-19","1487462400","1100"
"2017-02-20","1487548800","1317"
"2017-02-21","1487635200","12748"
"2017-02-22","1487721600","4522"
"2017-02-23","1487808000","2715"
"2017-02-24","1487894400","3034"
"2017-02-25","1487980800","3781"
"2017-02-26","1488067200","2067"
"2017-02-27","1488153600","1999"
"2017-02-28","1488240000","3935"
"2017-03-01","1488326400","2353"
"2017-03-02","1488412800","3582"
"2017-03-03","1488499200","3518"
"2017-03-04","1488585600","1846"
"2017-03-05","1488672000","1799"
"2017-03-06","1488758400","1239"
"2017-03-07","1488844800","3012"
"2017-03-08","1488931200","2128"
"2017-03-09","1489017600","3692"
"2017-03-10","1489104000","3181"
"2017-03-11","1489190400","2516"
"2017-03-12","1489276800","2349"
"2017-03-13","1489363200","2394"
"2017-03-14","1489449600","3734"
"2017-03-15","1489536000","3690"
"2017-03-16","1489622400","4925"
"2017-03-17","1489708800","4400"
"2017-03-18","1489795200","4369"
"2017-03-19","1489881600","2747"
"2017-03-20","1489968000","2448"
"2017-03-21","1490054400","4949"
"2017-03-22","1490140800","3228"
"2017-03-23","1490227200","4379"
"2017-03-24","1490313600","4347"
"2017-03-25","1490400000","3608"
"2017-03-26","1490486400","3168"
"2017-03-27","1490572800","4075"
"2017-03-28","1490659200","4930"
"2017-03-29","1490745600","12372"
"2017-03-30","1490832000","9426"
"2017-03-31","1490918400","6168"
"2017-04-01","1491004800","3872"
"2017-04-02","1491091200","3427"
"2017-04-03","1491177600","2999"
"2017-04-04","1491264000","4705"
"2017-04-05","1491350400","3870"
"2017-04-06","1491436800","5273"
"2017-04-07","1491523200","4726"
"2017-04-08","1491609600","4077"
"2017-04-09","1491696000","3422"
"2017-04-10","1491782400","2756"
"2017-04-11","1491868800","4882"
"2017-04-12","1491955200","3334"
"2017-04-13","1492041600","8453"
"2017-04-14","1492128000","4674"
"2017-04-15","1492214400","3921"
"2017-04-16","1492300800","3501"
"2017-04-17","1492387200","3082"
"2017-04-18","1492473600","8050"
"2017-04-19","1492560000","10935"
"2017-04-20","1492646400","6183"
"2017-04-21","1492732800","6770"
"2017-04-22","1492819200","4910"
"2017-04-23","1492905600","4450"
"2017-04-24","1492992000","4876"
"2017-04-25","1493078400","8001"
"2017-04-26","1493164800","6886"
"2017-04-27","1493251200","14782"
"2017-04-28","1493337600","18207"
"2017-04-29","1493424000","8731"
"2017-04-30","1493510400","11062"
"2017-05-01","1493596800","19940"
"2017-05-02","1493683200","16898"
"2017-05-03","1493769600","13989"
"2017-05-04","1493856000","13833"
"2017-05-05","1493942400","9467"
"2017-05-06","1494028800","10864"
"2017-05-07","1494115200","8510"
"2017-05-08","1494201600","10555"
"2017-05-09","1494288000","10396"
"2017-05-10","1494374400","9910"
"2017-05-11","1494460800","10478"
"2017-05-12","1494547200","8873"
"2017-05-13","1494633600","11961"
"2017-05-14","1494720000","6972"
"2017-05-15","1494806400","11479"
"2017-05-16","1494892800","7994"
"2017-05-17","1494979200","15724"
"2017-05-18","1495065600","12780"
"2017-05-19","1495152000","11795"
"2017-05-20","1495238400","11619"
"2017-05-21","1495324800","12349"
"2017-05-22","1495411200","10083"
"2017-05-23","1495497600","14557"
"2017-05-24","1495584000","16289"
"2017-05-25","1495670400","13205"
"2017-05-26","1495756800","10409"
"2017-05-27","1495843200","8980"
"2017-05-28","1495929600","11565"
"2017-05-29","1496016000","10392"
"2017-05-30","1496102400","12970"
"2017-05-31","1496188800","11826"
"2017-06-01","1496275200","13292"
"2017-06-02","1496361600","23909"
"2017-06-03","1496448000","14355"
"2017-06-04","1496534400","15977"
"2017-06-05","1496620800","16560"
"2017-06-06","1496707200","16533"
"2017-06-07","1496793600","23162"
"2017-06-08","1496880000","17998"
"2017-06-09","1496966400","28753"
"2017-06-10","1497052800","17530"
"2017-06-11","1497139200","15852"
"2017-06-12","1497225600","46239"
"2017-06-13","1497312000","22017"
"2017-06-14","1497398400","20193"
"2017-06-15","1497484800","23946"
"2017-06-16","1497571200","24768"
"2017-06-17","1497657600","24713"
"2017-06-18","1497744000","17626"
"2017-06-19","1497830400","35659"
"2017-06-20","1497916800","35761"
"2017-06-21","1498003200","28052"
"2017-06-22","1498089600","24804"
"2017-06-23","1498176000","29852"
"2017-06-24","1498262400","20945"
"2017-06-25","1498348800","23475"
"2017-06-26","1498435200","22361"
"2017-06-27","1498521600","26255"
"2017-06-28","1498608000","37226"
"2017-06-29","1498694400","42616"
"2017-06-30","1498780800","26916"
"2017-07-01","1498867200","29520"
"2017-07-02","1498953600","39904"
"2017-07-03","1499040000","51372"
"2017-07-04","1499126400","40162"
"2017-07-05","1499212800","48160"
"2017-07-06","1499299200","51455"
"2017-07-07","1499385600","62015"
"2017-07-08","1499472000","46256"
"2017-07-09","1499558400","42928"
"2017-07-10","1499644800","53163"
"2017-07-11","1499731200","49699"
"2017-07-12","1499817600","52559"
"2017-07-13","1499904000","40443"
"2017-07-14","1499990400","36435"
"2017-07-15","1500076800","38548"
"2017-07-16","1500163200","42517"
"2017-07-17","1500249600","40592"
"2017-07-18","1500336000","35337"
"2017-07-19","1500422400","45759"
"2017-07-20","1500508800","37663"
"2017-07-21","1500595200","35455"
"2017-07-22","1500681600","38351"
"2017-07-23","1500768000","45139"
"2017-07-24","1500854400","49597"
"2017-07-25","1500940800","44386"
"2017-07-26","1501027200","36515"
"2017-07-27","1501113600","36215"
"2017-07-28","1501200000","45389"
"2017-07-29","1501286400","26292"
"2017-07-30","1501372800","29941"
"2017-07-31","1501459200","43935"
"2017-08-01","1501545600","30251"
"2017-08-02","1501632000","38190"
"2017-08-03","1501718400","39493"
"2017-08-04","1501804800","40320"
"2017-08-05","1501891200","51896"
"2017-08-06","1501977600","62029"
"2017-08-07","1502064000","50529"
"2017-08-08","1502150400","54576"
"2017-08-09","1502236800","42638"
"2017-08-10","1502323200","67587"
"2017-08-11","1502409600","79200"
"2017-08-12","1502496000","78973"
"2017-08-13","1502582400","65681"
"2017-08-14","1502668800","81847"
"2017-08-15","1502755200","98986"
"2017-08-16","1502841600","90667"
"2017-08-17","1502928000","82537"
"2017-08-18","1503014400","74708"
"2017-08-19","1503100800","72890"
"2017-08-20","1503187200","59027"
"2017-08-21","1503273600","79662"
"2017-08-22","1503360000","85798"
"2017-08-23","1503446400","65007"
"2017-08-24","1503532800","78570"
"2017-08-25","1503619200","76949"
"2017-08-26","1503705600","69846"
"2017-08-27","1503792000","74236"
"2017-08-28","1503878400","77140"
"2017-08-29","1503964800","93003"
"2017-08-30","1504051200","95742"
"2017-08-31","1504137600","72950"
"2017-09-01","1504224000","83475"
"2017-09-02","1504310400","75348"
"2017-09-03","1504396800","70635"
"2017-09-04","1504483200","101317"
"2017-09-05","1504569600","115015"
"2017-09-06","1504656000","141070"
"2017-09-07","1504742400","128248"
"2017-09-08","1504828800","142201"
"2017-09-09","1504915200","112041"
"2017-09-10","1505001600","84627"
"2017-09-11","1505088000","88764"
"2017-09-12","1505174400","106220"
"2017-09-13","1505260800","108073"
"2017-09-14","1505347200","116596"
"2017-09-15","1505433600","128673"
"2017-09-16","1505520000","110903"
"2017-09-17","1505606400","142277"
"2017-09-18","1505692800","143449"
"2017-09-19","1505779200","135141"
"2017-09-20","1505865600","98003"
"2017-09-21","1505952000","129468"
"2017-09-22","1506038400","112697"
"2017-09-23","1506124800","93864"
"2017-09-24","1506211200","66172"
"2017-09-25","1506297600","88410"
"2017-09-26","1506384000","100752"
"2017-09-27","1506470400","98936"
"2017-09-28","1506556800","98623"
"2017-09-29","1506643200","75941"
"2017-09-30","1506729600","69309"
"2017-10-01","1506816000","70350"
"2017-10-02","1506902400","73284"
"2017-10-03","1506988800","76597"
"2017-10-04","1507075200","62396"
"2017-10-05","1507161600","63472"
"2017-10-06","1507248000","66861"
"2017-10-07","1507334400","73014"
"2017-10-08","1507420800","78219"
"2017-10-09","1507507200","78959"
"2017-10-10","1507593600","95128"
"2017-10-11","1507680000","77894"
"2017-10-12","1507766400","93663"
"2017-10-13","1507852800","95874"
"2017-10-14","1507939200","89823"
"2017-10-15","1508025600","80684"
"2017-10-16","1508112000","145630"
"2017-10-17","1508198400","161702"
"2017-10-18","1508284800","123933"
"2017-10-19","1508371200","128913"
"2017-10-20","1508457600","136849"
"2017-10-21","1508544000","91174"
"2017-10-22","1508630400","66745"
"2017-10-23","1508716800","154838"
"2017-10-24","1508803200","144208"
"2017-10-25","1508889600","156660"
"2017-10-26","1508976000","187325"
"2017-10-27","1509062400","214386"
"2017-10-28","1509148800","243856"
"2017-10-29","1509235200","253731"
"2017-10-30","1509321600","256519"
"2017-10-31","1509408000","240472"
"2017-11-01","1509494400","223768"
"2017-11-02","1509580800","253204"
"2017-11-03","1509667200","294808"
"2017-11-04","1509753600","235018"
"2017-11-05","1509840000","153907"
"2017-11-06","1509926400","148561"
"2017-11-07","1510012800","155062"
"2017-11-08","1510099200","139532"
"2017-11-09","1510185600","111893"
"2017-11-10","1510272000","128946"
"2017-11-11","1510358400","218484"
"2017-11-12","1510444800","206204"
"2017-11-13","1510531200","205781"
"2017-11-14","1510617600","188896"
"2017-11-15","1510704000","142548"
"2017-11-16","1510790400","148203"
"2017-11-17","1510876800","143762"
"2017-11-18","1510963200","231331"
"2017-11-19","1511049600","206858"
"2017-11-20","1511136000","193524"
"2017-11-21","1511222400","182748"
"2017-11-22","1511308800","157860"
"2017-11-23","1511395200","149862"
"2017-11-24","1511481600","165538"
"2017-11-25","1511568000","211435"
"2017-11-26","1511654400","151326"
"2017-11-27","1511740800","1073786"
"2017-11-28","1511827200","237782"
"2017-11-29","1511913600","181308"
"2017-11-30","1512000000","143323"
"2017-12-01","1512086400","151361"
"2017-12-02","1512172800","170000"
"2017-12-03","1512259200","141307"
"2017-12-04","1512345600","100010"
"2017-12-05","1512432000","88114"
"2017-12-06","1512518400","72299"
"2017-12-07","1512604800","68129"
"2017-12-08","1512691200","110395"
"2017-12-09","1512777600","120314"
"2017-12-10","1512864000","108130"
"2017-12-11","1512950400","115171"
"2017-12-12","1513036800","147987"
"2017-12-13","1513123200","157743"
"2017-12-14","1513209600","150349"
"2017-12-15","1513296000","135735"
"2017-12-16","1513382400","173225"
"2017-12-17","1513468800","172447"
"2017-12-18","1513555200","191702"
"2017-12-19","1513641600","207166"
"2017-12-20","1513728000","164530"
"2017-12-21","1513814400","232811"
"2017-12-22","1513900800","214197"
"2017-12-23","1513987200","239151"
"2017-12-24","1514073600","151163"
"2017-12-25","1514160000","173411"
"2017-12-26","1514246400","225798"
"2017-12-27","1514332800","274274"
"2017-12-28","1514419200","253695"
"2017-12-29","1514505600","209915"
"2017-12-30","1514592000","157357"
"2017-12-31","1514678400","174644"
"2018-01-01","1514764800","175286"
"2018-01-02","1514851200","203644"
"2018-01-03","1514937600","190084"
"2018-01-04","1515024000","155054"
"2018-01-05","1515110400","173793"
"2018-01-06","1515196800","183551"
"2018-01-07","1515283200","201285"
"2018-01-08","1515369600","200436"
"2018-01-09","1515456000","189331"
"2018-01-10","1515542400","183106"
"2018-01-11","1515628800","190622"
"2018-01-12","1515715200","209485"
"2018-01-13","1515801600","193604"
"2018-01-14","1515888000","206810"
"2018-01-15","1515974400","203509"
"2018-01-16","1516060800","207563"
"2018-01-17","1516147200","201492"
"2018-01-18","1516233600","216466"
"2018-01-19","1516320000","209212"
"2018-01-20","1516406400","245993"
"2018-01-21","1516492800","212840"
"2018-01-22","1516579200","216984"
"2018-01-23","1516665600","233854"
"2018-01-24","1516752000","252762"
"2018-01-25","1516838400","277511"
"2018-01-26","1516924800","283025"
"2018-01-27","1517011200","210746"
"2018-01-28","1517097600","213608"
"2018-01-29","1517184000","190018"
"2018-01-30","1517270400","212863"
"2018-01-31","1517356800","243610"
"2018-02-01","1517443200","224597"
"2018-02-02","1517529600","225479"
"2018-02-03","1517616000","194613"
"2018-02-04","1517702400","242788"
"2018-02-05","1517788800","216591"
"2018-02-06","1517875200","237033"
"2018-02-07","1517961600","211758"
"2018-02-08","1518048000","191457"
"2018-02-09","1518134400","219925"
"2018-02-10","1518220800","252436"
"2018-02-11","1518307200","273057"
"2018-02-12","1518393600","263209"
"2018-02-13","1518480000","240902"
"2018-02-14","1518566400","220071"
"2018-02-15","1518652800","248794"
"2018-02-16","1518739200","248264"
"2018-02-17","1518825600","267125"
"2018-02-18","1518912000","281703"
"2018-02-19","1518998400","289141"
"2018-02-20","1519084800","350125"
"2018-02-21","1519171200","323737"
"2018-02-22","1519257600","350217"
"2018-02-23","1519344000","360164"
"2018-02-24","1519430400","375435"
"2018-02-25","1519516800","319484"
"2018-02-26","1519603200","272691"
"2018-02-27","1519689600","266713"
"2018-02-28","1519776000","338740"
"2018-03-01","1519862400","296577"
"2018-03-02","1519948800","353955"
"2018-03-03","1520035200","313855"
"2018-03-04","1520121600","297585"
"2018-03-05","1520208000","324160"
"2018-03-06","1520294400","278642"
"2018-03-07","1520380800","287118"
"2018-03-08","1520467200","325276"
"2018-03-09","1520553600","349995"
"2018-03-10","1520640000","255820"
"2018-03-11","1520726400","296067"
"2018-03-12","1520812800","390982"
"2018-03-13","1520899200","353854"
"2018-03-14","1520985600","316058"
"2018-03-15","1521072000","395535"
"2018-03-16","1521158400","342155"
"2018-03-17","1521244800","325819"
"2018-03-18","1521331200","344319"
"2018-03-19","1521417600","337492"
"2018-03-20","1521504000","311527"
"2018-03-21","1521590400","281591"
"2018-03-22","1521676800","229749"
"2018-03-23","1521763200","264649"
"2018-03-24","1521849600","254941"
"2018-03-25","1521936000","239663"
"2018-03-26","1522022400","261672"
"2018-03-27","1522108800","270789"
"2018-03-28","1522195200","284790"
"2018-03-29","1522281600","276057"
"2018-03-30","1522368000","291642"
"2018-03-31","1522454400","265074"
"2018-04-01","1522540800","294982"
"2018-04-02","1522627200","294175"
"2018-04-03","1522713600","296515"
"2018-04-04","1522800000","235067"
"2018-04-05","1522886400","288593"
"2018-04-06","1522972800","255340"
"2018-04-07","1523059200","319255"
"2018-04-08","1523145600","299111"
"2018-04-09","1523232000","315542"
"2018-04-10","1523318400","358567"
"2018-04-11","1523404800","403541"
"2018-04-12","1523491200","358084"
"2018-04-13","1523577600","341099"
"2018-04-14","1523664000","265977"
"2018-04-15","1523750400","281523"
"2018-04-16","1523836800","319150"
"2018-04-17","1523923200","340321"
"2018-04-18","1524009600","384043"
"2018-04-19","1524096000","465056"
"2018-04-20","1524182400","482366"
"2018-04-21","1524268800","307736"
"2018-04-22","1524355200","375095"
"2018-04-23","1524441600","306793"
"2018-04-24","1524528000","350572"
"2018-04-25","1524614400","368653"
"2018-04-26","1524700800","435335"
"2018-04-27","1524787200","386241"
"2018-04-28","1524873600","361009"
"2018-04-29","1524960000","313576"
"2018-04-30","1525046400","350925"
"2018-05-01","1525132800","404238"
"2018-05-02","1525219200","482047"
"2018-05-03","1525305600","471404"
"2018-05-04","1525392000","328748"
"2018-05-05","1525478400","531986"
"2018-05-06","1525564800","537209"
"2018-05-07","1525651200","375478"
"2018-05-08","1525737600","353127"
"2018-05-09","1525824000","407252"
"2018-05-10","1525910400","382960"
"2018-05-11","1525996800","412050"
"2018-05-12","1526083200","445465"
"2018-05-13","1526169600","443167"
"2018-05-14","1526256000","344209"
"2018-05-15","1526342400","414071"
"2018-05-16","1526428800","415292"
"2018-05-17","1526515200","385143"
"2018-05-18","1526601600","388178"
"2018-05-19","1526688000","386988"
"2018-05-20","1526774400","428355"
"2018-05-21","1526860800","418601"
"2018-05-22","1526947200","374477"
"2018-05-23","1527033600","409045"
"2018-05-24","1527120000","399975"
"2018-05-25","1527206400","411424"
"2018-05-26","1527292800","429768"
"2018-05-27","1527379200","404451"
"2018-05-28","1527465600","369953"
"2018-05-29","1527552000","404726"
"2018-05-30","1527638400","363851"
"2018-05-31","1527724800","354968"
"2018-06-01","1527811200","446065"
"2018-06-02","1527897600","465165"
"2018-06-03","1527984000","450050"
"2018-06-04","1528070400","430736"
"2018-06-05","1528156800","420419"
"2018-06-06","1528243200","386670"
"2018-06-07","1528329600","375175"
"2018-06-08","1528416000","501936"
"2018-06-09","1528502400","461425"
"2018-06-10","1528588800","453014"
"2018-06-11","1528675200","371213"
"2018-06-12","1528761600","386982"
"2018-06-13","1528848000","544412"
"2018-06-14","1528934400","443722"
"2018-06-15","1529020800","353070"
"2018-06-16","1529107200","1475639"
"2018-06-17","1529193600","364906"
"2018-06-18","1529280000","397001"
"2018-06-19","1529366400","443612"
"2018-06-20","1529452800","448317"
"2018-06-21","1529539200","401233"
"2018-06-22","1529625600","440886"
"2018-06-23","1529712000","393996"
"2018-06-24","1529798400","390762"
"2018-06-25","1529884800","439301"
"2018-06-26","1529971200","488199"
"2018-06-27","1530057600","526494"
"2018-06-28","1530144000","506986"
"2018-06-29","1530230400","429761"
"2018-06-30","1530316800","733417"
"2018-07-01","1530403200","840312"
"2018-07-02","1530489600","891250"
"2018-07-03","1530576000","830801"
"2018-07-04","1530662400","872559"
"2018-07-05","1530748800","834019"
"2018-07-06","1530835200","957337"
"2018-07-07","1530921600","941036"
"2018-07-08","1531008000","661175"
"2018-07-09","1531094400","663149"
"2018-07-10","1531180800","627467"
"2018-07-11","1531267200","749544"
"2018-07-12","1531353600","831996"
"2018-07-13","1531440000","886477"
"2018-07-14","1531526400","1019707"
"2018-07-15","1531612800","970851"
"2018-07-16","1531699200","518095"
"2018-07-17","1531785600","518773"
"2018-07-18","1531872000","457999"
"2018-07-19","1531958400","447863"
"2018-07-20","1532044800","333735"
"2018-07-21","1532131200","311927"
"2018-07-22","1532217600","451082"
"2018-07-23","1532304000","412827"
"2018-07-24","1532390400","423843"
"2018-07-25","1532476800","428902"
"2018-07-26","1532563200","445055"
"2018-07-27","1532649600","413196"
"2018-07-28","1532736000","330478"
"2018-07-29","1532822400","421860"
"2018-07-30","1532908800","468438"
"2018-07-31","1532995200","438754"
"2018-08-01","1533081600","446236"
"2018-08-02","1533168000","443687"
"2018-08-03","1533254400","455770"
"2018-08-04","1533340800","481942"
"2018-08-05","1533427200","479012"
"2018-08-06","1533513600","461331"
"2018-08-07","1533600000","264940"
"2018-08-08","1533686400","126846"
"2018-08-09","1533772800","123821"
"2018-08-10","1533859200","205258"
"2018-08-11","1533945600","382522"
"2018-08-12","1534032000","396854"
"2018-08-13","1534118400","393673"
"2018-08-14","1534204800","380815"
"2018-08-15","1534291200","380792"
"2018-08-16","1534377600","389421"
"2018-08-17","1534464000","266919"
"2018-08-18","1534550400","442684"
"2018-08-19","1534636800","378835"
"2018-08-20","1534723200","404034"
"2018-08-21","1534809600","462010"
"2018-08-22","1534896000","375835"
"2018-08-23","1534982400","405345"
"2018-08-24","1535068800","400662"
"2018-08-25","1535155200","439799"
"2018-08-26","1535241600","373155"
"2018-08-27","1535328000","580315"
"2018-08-28","1535414400","523597"
"2018-08-29","1535500800","440490"
"2018-08-30","1535587200","421909"
"2018-08-31","1535673600","376179"
"2018-09-01","1535760000","371575"
"2018-09-02","1535846400","385235"
"2018-09-03","1535932800","371834"
"2018-09-04","1536019200","334268"
"2018-09-05","1536105600","336793"
"2018-09-06","1536192000","424738"
"2018-09-07","1536278400","600430"
"2018-09-08","1536364800","357906"
"2018-09-09","1536451200","324172"
"2018-09-10","1536537600","331924"
"2018-09-11","1536624000","342723"
"2018-09-12","1536710400","342946"
"2018-09-13","1536796800","360753"
"2018-09-14","1536883200","424686"
"2018-09-15","1536969600","418192"
"2018-09-16","1537056000","424321"
"2018-09-17","1537142400","421375"
"2018-09-18","1537228800","402834"
"2018-09-19","1537315200","224532"
"2018-09-20","1537401600","395470"
"2018-09-21","1537488000","358058"
"2018-09-22","1537574400","374690"
"2018-09-23","1537660800","384820"
"2018-09-24","1537747200","400717"
"2018-09-25","1537833600","430215"
"2018-09-26","1537920000","443450"
"2018-09-27","1538006400","422304"
"2018-09-28","1538092800","372263"
"2018-09-29","1538179200","254676"
"2018-09-30","1538265600","369986"
"2018-10-01","1538352000","385445"
"2018-10-02","1538438400","345044"
"2018-10-03","1538524800","367465"
"2018-10-04","1538611200","397961"
"2018-10-05","1538697600","391881"
"2018-10-06","1538784000","348785"
"2018-10-07","1538870400","285009"
"2018-10-08","1538956800","298503"
"2018-10-09","1539043200","356105"
"2018-10-10","1539129600","246976"
"2018-10-11","1539216000","281024"
"2018-10-12","1539302400","631756"
"2018-10-13","1539388800","319139"
"2018-10-14","1539475200","316448"
"2018-10-15","1539561600","292318"
"2018-10-16","1539648000","302794"
"2018-10-17","1539734400","291295"
"2018-10-18","1539820800","384805"
"2018-10-19","1539907200","332479"
"2018-10-20","1539993600","383307"
"2018-10-21","1540080000","329017"
"2018-10-22","1540166400","370811"
"2018-10-23","1540252800","330894"
"2018-10-24","1540339200","276826"
"2018-10-25","1540425600","307826"
"2018-10-26","1540512000","303061"
"2018-10-27","1540598400","332163"
"2018-10-28","1540684800","363977"
"2018-10-29","1540771200","345330"
"2018-10-30","1540857600","357419"
"2018-10-31","1540944000","359762"
"2018-11-01","1541030400","351771"
"2018-11-02","1541116800","322662"
"2018-11-03","1541203200","325996"
"2018-11-04","1541289600","271182"
"2018-11-05","1541376000","254816"
"2018-11-06","1541462400","339161"
"2018-11-07","1541548800","304557"
"2018-11-08","1541635200","315268"
"2018-11-09","1541721600","301642"
"2018-11-10","1541808000","327033"
"2018-11-11","1541894400","399326"
"2018-11-12","1541980800","316717"
"2018-11-13","1542067200","281355"
"2018-11-14","1542153600","292462"
"2018-11-15","1542240000","233230"
"2018-11-16","1542326400","264004"
"2018-11-17","1542412800","262588"
"2018-11-18","1542499200","243736"
"2018-11-19","1542585600","258576"
"2018-11-20","1542672000","276695"
"2018-11-21","1542758400","317301"
"2018-11-22","1542844800","310142"
"2018-11-23","1542931200","279262"
"2018-11-24","1543017600","265089"
"2018-11-25","1543104000","279125"
"2018-11-26","1543190400","299404"
"2018-11-27","1543276800","333313"
"2018-11-28","1543363200","308999"
"2018-11-29","1543449600","280025"
"2018-11-30","1543536000","363108"
"2018-12-01","1543622400","245267"
"2018-12-02","1543708800","253299"
"2018-12-03","1543795200","282990"
"2018-12-04","1543881600","276718"
"2018-12-05","1543968000","308057"
"2018-12-06","1544054400","322519"
"2018-12-07","1544140800","281196"
"2018-12-08","1544227200","299509"
"2018-12-09","1544313600","305534"
"2018-12-10","1544400000","384930"
"2018-12-11","1544486400","361252"
"2018-12-12","1544572800","369658"
"2018-12-13","1544659200","329231"
"2018-12-14","1544745600","313661"
"2018-12-15","1544832000","320872"
"2018-12-16","1544918400","366853"
"2018-12-17","1545004800","333888"
"2018-12-18","1545091200","326153"
"2018-12-19","1545177600","317298"
"2018-12-20","1545264000","336525"
"2018-12-21","1545350400","318356"
"2018-12-22","1545436800","319006"
"2018-12-23","1545523200","277411"
"2018-12-24","1545609600","333219"
"2018-12-25","1545696000","285056"
"2018-12-26","1545782400","348491"
"2018-12-27","1545868800","387855"
"2018-12-28","1545955200","402862"
"2018-12-29","1546041600","345464"
"2018-12-30","1546128000","300068"
"2018-12-31","1546214400","387615"
"2019-01-01","1546300800","282493"
"2019-01-02","1546387200","350991"
"2019-01-03","1546473600","339440"
"2019-01-04","1546560000","310372"
"2019-01-05","1546646400","305018"
"2019-01-06","1546732800","287571"
"2019-01-07","1546819200","320484"
"2019-01-08","1546905600","303793"
"2019-01-09","1546992000","301296"
"2019-01-10","1547078400","322495"
"2019-01-11","1547164800","309326"
"2019-01-12","1547251200","251020"
"2019-01-13","1547337600","267725"
"2019-01-14","1547424000","253511"
"2019-01-15","1547510400","250482"
"2019-01-16","1547596800","258389"
"2019-01-17","1547683200","292396"
"2019-01-18","1547769600","314265"
"2019-01-19","1547856000","325482"
"2019-01-20","1547942400","352724"
"2019-01-21","1548028800","362179"
"2019-01-22","1548115200","409857"
"2019-01-23","1548201600","277494"
"2019-01-24","1548288000","305080"
"2019-01-25","1548374400","305279"
"2019-01-26","1548460800","319567"
"2019-01-27","1548547200","285539"
"2019-01-28","1548633600","292129"
"2019-01-29","1548720000","341264"
"2019-01-30","1548806400","317055"
"2019-01-31","1548892800","309022"
"2019-02-01","1548979200","289787"
"2019-02-02","1549065600","276583"
"2019-02-03","1549152000","241834"
"2019-02-04","1549238400","262765"
"2019-02-05","1549324800","216499"
"2019-02-06","1549411200","227634"
"2019-02-07","1549497600","230809"
"2019-02-08","1549584000","253033"
"2019-02-09","1549670400","252930"
"2019-02-10","1549756800","204774"
"2019-02-11","1549843200","224251"
"2019-02-12","1549929600","255403"
"2019-02-13","1550016000","286072"
"2019-02-14","1550102400","294993"
"2019-02-15","1550188800","311038"
"2019-02-16","1550275200","261147"
"2019-02-17","1550361600","264686"
"2019-02-18","1550448000","289177"
"2019-02-19","1550534400","322370"
"2019-02-20","1550620800","344624"
"2019-02-21","1550707200","330707"
"2019-02-22","1550793600","359508"
"2019-02-23","1550880000","346227"
"2019-02-24","1550966400","331526"
"2019-02-25","1551052800","321676"
"2019-02-26","1551139200","289973"
"2019-02-27","1551225600","299542"
"2019-02-28","1551312000","365246"
"2019-03-01","1551398400","415590"
"2019-03-02","1551484800","344950"
"2019-03-03","1551571200","326390"
"2019-03-04","1551657600","445589"
"2019-03-05","1551744000","404711"
"2019-03-06","1551830400","375519"
"2019-03-07","1551916800","348291"
"2019-03-08","1552003200","368519"
"2019-03-09","1552089600","319477"
"2019-03-10","1552176000","275759"
"2019-03-11","1552262400","335378"
"2019-03-12","1552348800","301148"
"2019-03-13","1552435200","387195"
"2019-03-14","1552521600","358641"
"2019-03-15","1552608000","351002"
"2019-03-16","1552694400","287556"
"2019-03-17","1552780800","249376"
"2019-03-18","1552867200","376952"
"2019-03-19","1552953600","459402"
"2019-03-20","1553040000","377361"
"2019-03-21","1553126400","435433"
"2019-03-22","1553212800","406400"
"2019-03-23","1553299200","357268"
"2019-03-24","1553385600","311373"
"2019-03-25","1553472000","325590"
"2019-03-26","1553558400","343053"
"2019-03-27","1553644800","437775"
"2019-03-28","1553731200","348420"
"2019-03-29","1553817600","330497"
"2019-03-30","1553904000","423378"
"2019-03-31","1553990400","423097"
"2019-04-01","1554076800","409745"
"2019-04-02","1554163200","392320"
"2019-04-03","1554249600","375742"
"2019-04-04","1554336000","391261"
"2019-04-05","1554422400","323874"
"2019-04-06","1554508800","270869"
"2019-04-07","1554595200","273821"
"2019-04-08","1554681600","339257"
"2019-04-09","1554768000","343874"
"2019-04-10","1554854400","339406"
"2019-04-11","1554940800","356270"
"2019-04-12","1555027200","361404"
"2019-04-13","1555113600","318285"
"2019-04-14","1555200000","318672"
"2019-04-15","1555286400","295531"
"2019-04-16","1555372800","346998"
"2019-04-17","1555459200","361307"
"2019-04-18","1555545600","421910"
"2019-04-19","1555632000","377642"
"2019-04-20","1555718400","353886"
"2019-04-21","1555804800","394887"
"2019-04-22","1555891200","461668"
"2019-04-23","1555977600","437586"
"2019-04-24","1556064000","439083"
"2019-04-25","1556150400","338777"
"2019-04-26","1556236800","366001"
"2019-04-27","1556323200","282692"
"2019-04-28","1556409600","358990"
"2019-04-29","1556496000","365242"
"2019-04-30","1556582400","423180"
"2019-05-01","1556668800","387502"
"2019-05-02","1556755200","310343"
"2019-05-03","1556841600","375126"
"2019-05-04","1556928000","336725"
"2019-05-05","1557014400","332600"
"2019-05-06","1557100800","364582"
"2019-05-07","1557187200","345881"
"2019-05-08","1557273600","340650"
"2019-05-09","1557360000","407535"
"2019-05-10","1557446400","499608"
"2019-05-11","1557532800","409162"
"2019-05-12","1557619200","379982"
"2019-05-13","1557705600","439445"
"2019-05-14","1557792000","445781"
"2019-05-15","1557878400","460125"
"2019-05-16","1557964800","437872"
"2019-05-17","1558051200","410503"
"2019-05-18","1558137600","418775"
"2019-05-19","1558224000","452853"
"2019-05-20","1558310400","468141"
"2019-05-21","1558396800","423008"
"2019-05-22","1558483200","516085"
"2019-05-23","1558569600","466466"
"2019-05-24","1558656000","501874"
"2019-05-25","1558742400","475844"
"2019-05-26","1558828800","402136"
"2019-05-27","1558915200","540432"
"2019-05-28","1559001600","486792"
"2019-05-29","1559088000","544015"
"2019-05-30","1559174400","489077"
"2019-05-31","1559260800","527326"
"2019-06-01","1559347200","560662"
"2019-06-02","1559433600","480786"
"2019-06-03","1559520000","484457"
"2019-06-04","1559606400","495701"
"2019-06-05","1559692800","480533"
"2019-06-06","1559779200","519479"
"2019-06-07","1559865600","402846"
"2019-06-08","1559952000","571902"
"2019-06-09","1560038400","368215"
"2019-06-10","1560124800","609561"
"2019-06-11","1560211200","513576"
"2019-06-12","1560297600","369428"
"2019-06-13","1560384000","361793"
"2019-06-14","1560470400","454653"
"2019-06-15","1560556800","576733"
"2019-06-16","1560643200","435570"
"2019-06-17","1560729600","596076"
"2019-06-18","1560816000","501268"
"2019-06-19","1560902400","505683"
"2019-06-20","1560988800","647489"
"2019-06-21","1561075200","414255"
"2019-06-22","1561161600","375734"
"2019-06-23","1561248000","415711"
"2019-06-24","1561334400","443672"
"2019-06-25","1561420800","574105"
"2019-06-26","1561507200","403462"
"2019-06-27","1561593600","390526"
"2019-06-28","1561680000","644207"
"2019-06-29","1561766400","390904"
"2019-06-30","1561852800","438698"
"2019-07-01","1561939200","628645"
"2019-07-02","1562025600","610490"
"2019-07-03","1562112000","507033"
"2019-07-04","1562198400","465329"
"2019-07-05","1562284800","570524"
"2019-07-06","1562371200","524755"
"2019-07-07","1562457600","401731"
"2019-07-08","1562544000","500464"
"2019-07-09","1562630400","421958"
"2019-07-10","1562716800","391756"
"2019-07-11","1562803200","634787"
"2019-07-12","1562889600","414775"
"2019-07-13","1562976000","325832"
"2019-07-14","1563062400","374915"
"2019-07-15","1563148800","439144"
"2019-07-16","1563235200","710256"
"2019-07-17","1563321600","527516"
"2019-07-18","1563408000","394262"
"2019-07-19","1563494400","588067"
"2019-07-20","1563580800","476458"
"2019-07-21","1563667200","382260"
"2019-07-22","1563753600","439923"
"2019-07-23","1563840000","401105"
"2019-07-24","1563926400","649104"
"2019-07-25","1564012800","738952"
"2019-07-26","1564099200","452319"
"2019-07-27","1564185600","370195"
"2019-07-28","1564272000","420876"
"2019-07-29","1564358400","388084"
"2019-07-30","1564444800","396732"
"2019-07-31","1564531200","469935"
"2019-08-01","1564617600","629037"
"2019-08-02","1564704000","525894"
"2019-08-03","1564790400","542085"
"2019-08-04","1564876800","406690"
"2019-08-05","1564963200","435381"
"2019-08-06","1565049600","419206"
"2019-08-07","1565136000","471888"
"2019-08-08","1565222400","532040"
"2019-08-09","1565308800","453939"
"2019-08-10","1565395200","364099"
"2019-08-11","1565481600","325984"
"2019-08-12","1565568000","419338"
"2019-08-13","1565654400","419155"
"2019-08-14","1565740800","415500"
"2019-08-15","1565827200","396836"
"2019-08-16","1565913600","431346"
"2019-08-17","1566000000","388555"
"2019-08-18","1566086400","376579"
"2019-08-19","1566172800","432247"
"2019-08-20","1566259200","437246"
"2019-08-21","1566345600","461021"
"2019-08-22","1566432000","447824"
"2019-08-23","1566518400","448374"
"2019-08-24","1566604800","410952"
"2019-08-25","1566691200","429949"
"2019-08-26","1566777600","446151"
"2019-08-27","1566864000","470872"
"2019-08-28","1566950400","431219"
"2019-08-29","1567036800","435426"
"2019-08-30","1567123200","450518"
"2019-08-31","1567209600","422366"
"2019-09-01","1567296000","435149"
"2019-09-02","1567382400","459161"
"2019-09-03","1567468800","456546"
"2019-09-04","1567555200","459338"
"2019-09-05","1567641600","472840"
"2019-09-06","1567728000","464042"
"2019-09-07","1567814400","415984"
"2019-09-08","1567900800","423009"
"2019-09-09","1567987200","473428"
"2019-09-10","1568073600","416121"
"2019-09-11","1568160000","415999"
"2019-09-12","1568246400","443881"
"2019-09-13","1568332800","379468"
"2019-09-14","1568419200","384653"
"2019-09-15","1568505600","368022"
"2019-09-16","1568592000","431494"
"2019-09-17","1568678400","408000"
"2019-09-18","1568764800","407914"
"2019-09-19","1568851200","411236"
"2019-09-20","1568937600","424953"
"2019-09-21","1569024000","335591"
"2019-09-22","1569110400","331726"
"2019-09-23","1569196800","387685"
"2019-09-24","1569283200","415267"
"2019-09-25","1569369600","387690"
"2019-09-26","1569456000","375216"
"2019-09-27","1569542400","382874"
"2019-09-28","1569628800","358931"
"2019-09-29","1569715200","337290"
"2019-09-30","1569801600","395222"
"2019-10-01","1569888000","450722"
"2019-10-02","1569974400","521071"
"2019-10-03","1570060800","527876"
"2019-10-04","1570147200","542328"
"2019-10-05","1570233600","362531"
"2019-10-06","1570320000","554835"
"2019-10-07","1570406400","437015"
"2019-10-08","1570492800","464679"
"2019-10-09","1570579200","502235"
"2019-10-10","1570665600","449708"
"2019-10-11","1570752000","460189"
"2019-10-12","1570838400","430362"
"2019-10-13","1570924800","359455"
"2019-10-14","1571011200","453676"
"2019-10-15","1571097600","444098"
"2019-10-16","1571184000","470877"
"2019-10-17","1571270400","467584"
"2019-10-18","1571356800","478931"
"2019-10-19","1571443200","415711"
"2019-10-20","1571529600","405234"
"2019-10-21","1571616000","460519"
"2019-10-22","1571702400","493948"
"2019-10-23","1571788800","500347"
"2019-10-24","1571875200","485860"
"2019-10-25","1571961600","463776"
"2019-10-26","1572048000","450061"
"2019-10-27","1572134400","421348"
"2019-10-28","1572220800","464255"
"2019-10-29","1572307200","443396"
"2019-10-30","1572393600","471237"
"2019-10-31","1572480000","513774"
"2019-11-01","1572566400","470965"
"2019-11-02","1572652800","360540"
"2019-11-03","1572739200","356653"
"2019-11-04","1572825600","425304"
"2019-11-05","1572912000","450284"
"2019-11-06","1572998400","445169"
"2019-11-07","1573084800","506911"
"2019-11-08","1573171200","431770"
"2019-11-09","1573257600","358884"
"2019-11-10","1573344000","375401"
"2019-11-11","1573430400","463906"
"2019-11-12","1573516800","439524"
"2019-11-13","1573603200","461155"
"2019-11-14","1573689600","449427"
"2019-11-15","1573776000","455743"
"2019-11-16","1573862400","379056"
"2019-11-17","1573948800","380209"
"2019-11-18","1574035200","477720"
"2019-11-19","1574121600","496384"
"2019-11-20","1574208000","442749"
"2019-11-21","1574294400","502016"
"2019-11-22","1574380800","485853"
"2019-11-23","1574467200","397958"
"2019-11-24","1574553600","393177"
"2019-11-25","1574640000","482402"
"2019-11-26","1574726400","443883"
"2019-11-27","1574812800","587688"
"2019-11-28","1574899200","731422"
"2019-11-29","1574985600","489936"
"2019-11-30","1575072000","501153"
"2019-12-01","1575158400","505746"
"2019-12-02","1575244800","524586"
"2019-12-03","1575331200","502134"
"2019-12-04","1575417600","539671"
"2019-12-05","1575504000","464502"
"2019-12-06","1575590400","383231"
"2019-12-07","1575676800","356588"
"2019-12-08","1575763200","499871"
"2019-12-09","1575849600","520702"
"2019-12-10","1575936000","518485"
"2019-12-11","1576022400","417819"
"2019-12-12","1576108800","437543"
"2019-12-13","1576195200","410534"
"2019-12-14","1576281600","366696"
"2019-12-15","1576368000","352143"
"2019-12-16","1576454400","419466"
"2019-12-17","1576540800","416001"
"2019-12-18","1576627200","433571"
"2019-12-19","1576713600","406347"
"2019-12-20","1576800000","396702"
"2019-12-21","1576886400","340489"
"2019-12-22","1576972800","343938"
"2019-12-23","1577059200","408214"
"2019-12-24","1577145600","395148"
"2019-12-25","1577232000","368050"
"2019-12-26","1577318400","371615"
"2019-12-27","1577404800","387324"
"2019-12-28","1577491200","316871"
"2019-12-29","1577577600","291725"
"2019-12-30","1577664000","372473"
"2019-12-31","1577750400","354158"
"2020-01-01","1577836800","313994"
"2020-01-02","1577923200","323634"
"2020-01-03","1578009600","389155"
"2020-01-04","1578096000","385273"
"2020-01-05","1578182400","363602"
"2020-01-06","1578268800","395584"
"2020-01-07","1578355200","416792"
"2020-01-08","1578441600","493641"
"2020-01-09","1578528000","380016"
"2020-01-10","1578614400","402082"
"2020-01-11","1578700800","334388"
"2020-01-12","1578787200","299541"
"2020-01-13","1578873600","542722"
"2020-01-14","1578960000","438113"
"2020-01-15","1579046400","428269"
"2020-01-16","1579132800","440047"
"2020-01-17","1579219200","421765"
"2020-01-18","1579305600","463615"
"2020-01-19","1579392000","394379"
"2020-01-20","1579478400","373950"
"2020-01-21","1579564800","350193"
"2020-01-22","1579651200","336909"
"2020-01-23","1579737600","349849"
"2020-01-24","1579824000","367422"
"2020-01-25","1579910400","297599"
"2020-01-26","1579996800","278438"
"2020-01-27","1580083200","327636"
"2020-01-28","1580169600","353829"
"2020-01-29","1580256000","348115"
"2020-01-30","1580342400","392940"
"2020-01-31","1580428800","444595"
"2020-02-01","1580515200","364269"
"2020-02-02","1580601600","341383"
"2020-02-03","1580688000","379943"
"2020-02-04","1580774400","314394"
"2020-02-05","1580860800","348390"
"2020-02-06","1580947200","350457"
"2020-02-07","1581033600","372901"
"2020-02-08","1581120000","425339"
"2020-02-09","1581206400","406996"
"2020-02-10","1581292800","473775"
"2020-02-11","1581379200","422894"
"2020-02-12","1581465600","518402"
"2020-02-13","1581552000","556180"
"2020-02-14","1581638400","600124"
"2020-02-15","1581724800","435203"
"2020-02-16","1581811200","394560"
"2020-02-17","1581897600","450066"
"2020-02-18","1581984000","443449"
"2020-02-19","1582070400","424145"
"2020-02-20","1582156800","426777"
"2020-02-21","1582243200","430391"
"2020-02-22","1582329600","369824"
"2020-02-23","1582416000","316394"
"2020-02-24","1582502400","394549"
"2020-02-25","1582588800","383983"
"2020-02-26","1582675200","430310"
"2020-02-27","1582761600","412349"
"2020-02-28","1582848000","407826"
"2020-02-29","1582934400","377592"
"2020-03-01","1583020800","370776"
"2020-03-02","1583107200","403973"
"2020-03-03","1583193600","382499"
"2020-03-04","1583280000","394981"
"2020-03-05","1583366400","463419"
"2020-03-06","1583452800","400702"
"2020-03-07","1583539200","376415"
"2020-03-08","1583625600","393864"
"2020-03-09","1583712000","464016"
"2020-03-10","1583798400","488703"
"2020-03-11","1583884800","457920"
"2020-03-12","1583971200","450402"
"2020-03-13","1584057600","488233"
"2020-03-14","1584144000","452146"
"2020-03-15","1584230400","407092"
"2020-03-16","1584316800","469337"
"2020-03-17","1584403200","479446"
"2020-03-18","1584489600","501256"
"2020-03-19","1584576000","595629"
"2020-03-20","1584662400","539822"
"2020-03-21","1584748800","580358"
"2020-03-22","1584835200","515565"
"2020-03-23","1584921600","528831"
"2020-03-24","1585008000","554943"
"2020-03-25","1585094400","500271"
"2020-03-26","1585180800","486846"
"2020-03-27","1585267200","459891"
"2020-03-28","1585353600","407411"
"2020-03-29","1585440000","371600"
"2020-03-30","1585526400","441385"
"2020-03-31","1585612800","463038"
"2020-04-01","1585699200","482502"
"2020-04-02","1585785600","453414"
"2020-04-03","1585872000","433983"
"2020-04-04","1585958400","375490"
"2020-04-05","1586044800","375144"
"2020-04-06","1586131200","448475"
"2020-04-07","1586217600","455244"
"2020-04-08","1586304000","457764"
"2020-04-09","1586390400","455486"
"2020-04-10","1586476800","516158"
"2020-04-11","1586563200","782245"
"2020-04-12","1586649600","729741"
"2020-04-13","1586736000","570940"
"2020-04-14","1586822400","577885"
"2020-04-15","1586908800","626190"
"2020-04-16","1586995200","605467"
"2020-04-17","1587081600","610638"
"2020-04-18","1587168000","427441"
"2020-04-19","1587254400","452254"
"2020-04-20","1587340800","533299"
"2020-04-21","1587427200","491969"
"2020-04-22","1587513600","501133"
"2020-04-23","1587600000","466434"
"2020-04-24","1587686400","492031"
"2020-04-25","1587772800","452612"
"2020-04-26","1587859200","435910"
"2020-04-27","1587945600","474806"
"2020-04-28","1588032000","498742"
"2020-04-29","1588118400","487504"
"2020-04-30","1588204800","456446"
"2020-05-01","1588291200","429486"
"2020-05-02","1588377600","436420"
"2020-05-03","1588464000","406693"
"2020-05-04","1588550400","665359"
"2020-05-05","1588636800","476837"
"2020-05-06","1588723200","853413"
"2020-05-07","1588809600","1370266"
"2020-05-08","1588896000","489429"
"2020-05-09","1588982400","482854"
"2020-05-10","1589068800","444205"
"2020-05-11","1589155200","472008"
"2020-05-12","1589241600","468060"
"2020-05-13","1589328000","450821"
"2020-05-14","1589414400","475016"
"2020-05-15","1589500800","519038"
"2020-05-16","1589587200","493251"
"2020-05-17","1589673600","455396"
"2020-05-18","1589760000","503686"
"2020-05-19","1589846400","483110"
"2020-05-20","1589932800","494345"
"2020-05-21","1590019200","459940"
"2020-05-22","1590105600","504740"
"2020-05-23","1590192000","474949"
"2020-05-24","1590278400","438448"
"2020-05-25","1590364800","493044"
"2020-05-26","1590451200","486543"
"2020-05-27","1590537600","482264"
"2020-05-28","1590624000","492060"
"2020-05-29","1590710400","499509"
"2020-05-30","1590796800","460933"
"2020-05-31","1590883200","463271"
"2020-06-01","1590969600","499801"
"2020-06-02","1591056000","529945"
"2020-06-03","1591142400","484729"
"2020-06-04","1591228800","508151"
"2020-06-05","1591315200","486211"
"2020-06-06","1591401600","557473"
"2020-06-07","1591488000","573222"
"2020-06-08","1591574400","535339"
"2020-06-09","1591660800","517044"
"2020-06-10","1591747200","514404"
"2020-06-11","1591833600","491277"
"2020-06-12","1591920000","515655"
"2020-06-13","1592006400","471643"
"2020-06-14","1592092800","463063"
"2020-06-15","1592179200","514653"
"2020-06-16","1592265600","514563"
"2020-06-17","1592352000","529859"
"2020-06-18","1592438400","529846"
"2020-06-19","1592524800","572897"
"2020-06-20","1592611200","547762"
"2020-06-21","1592697600","559428"
"2020-06-22","1592784000","634837"
"2020-06-23","1592870400","659346"
"2020-06-24","1592956800","584545"
"2020-06-25","1593043200","544169"
"2020-06-26","1593129600","570798"
"2020-06-27","1593216000","547007"
"2020-06-28","1593302400","535941"
"2020-06-29","1593388800","559913"
"2020-06-30","1593475200","570953"
"2020-07-01","1593561600","568406"
"2020-07-02","1593648000","596188"
"2020-07-03","1593734400","590844"
"2020-07-04","1593820800","544421"
"2020-07-05","1593907200","492667"
"2020-07-06","1593993600","586049"
"2020-07-07","1594080000","594732"
"2020-07-08","1594166400","629970"
"2020-07-09","1594252800","613391"
"2020-07-10","1594339200","573716"
"2020-07-11","1594425600","528691"
"2020-07-12","1594512000","559093"
"2020-07-13","1594598400","659918"
"2020-07-14","1594684800","627006"
"2020-07-15","1594771200","571263"
"2020-07-16","1594857600","543190"
"2020-07-17","1594944000","582189"
"2020-07-18","1595030400","602926"
"2020-07-19","1595116800","633438"
"2020-07-20","1595203200","673343"
"2020-07-21","1595289600","660325"
"2020-07-22","1595376000","652397"
"2020-07-23","1595462400","646703"
"2020-07-24","1595548800","670674"
"2020-07-25","1595635200","677550"
"2020-07-26","1595721600","650173"
"2020-07-27","1595808000","708791"
"2020-07-28","1595894400","677661"
"2020-07-29","1595980800","668519"
"2020-07-30","1596067200","693366"
"2020-07-31","1596153600","726870"
"2020-08-01","1596240000","704662"
"2020-08-02","1596326400","654478"
"2020-08-03","1596412800","701438"
"2020-08-04","1596499200","676166"
"2020-08-05","1596585600","683130"
"2020-08-06","1596672000","687868"
"2020-08-07","1596758400","738711"
"2020-08-08","1596844800","717674"
"2020-08-09","1596931200","772604"
"2020-08-10","1597017600","825333"
"2020-08-11","1597104000","794248"
"2020-08-12","1597190400","787084"
"2020-08-13","1597276800","777824"
"2020-08-14","1597363200","758913"
"2020-08-15","1597449600","718154"
"2020-08-16","1597536000","725333"
"2020-08-17","1597622400","770494"
"2020-08-18","1597708800","823354"
"2020-08-19","1597795200","798076"
"2020-08-20","1597881600","803562"
"2020-08-21","1597968000","843942"
"2020-08-22","1598054400","757154"
"2020-08-23","1598140800","795007"
"2020-08-24","1598227200","860096"
"2020-08-25","1598313600","806092"
"2020-08-26","1598400000","826240"
"2020-08-27","1598486400","810725"
"2020-08-28","1598572800","835637"
"2020-08-29","1598659200","863889"
"2020-08-30","1598745600","876757"
"2020-08-31","1598832000","949155"
"2020-09-01","1598918400","978688"
"2020-09-02","1599004800","998753"
"2020-09-03","1599091200","986426"
"2020-09-04","1599177600","914460"
"2020-09-05","1599264000","897740"
"2020-09-06","1599350400","836061"
"2020-09-07","1599436800","845539"
"2020-09-08","1599523200","846538"
"2020-09-09","1599609600","882500"
"2020-09-10","1599696000","968679"
"2020-09-11","1599782400","973608"
"2020-09-12","1599868800","943188"
"2020-09-13","1599955200","963404"
"2020-09-14","1600041600","987395"
"2020-09-15","1600128000","981865"
"2020-09-16","1600214400","963869"
"2020-09-17","1600300800","969820"
"2020-09-18","1600387200","999369"
"2020-09-19","1600473600","978819"
"2020-09-20","1600560000","970932"
"2020-09-21","1600646400","940495"
"2020-09-22","1600732800","945719"
"2020-09-23","1600819200","933479"
"2020-09-24","1600905600","902284"
"2020-09-25","1600992000","888034"
"2020-09-26","1601078400","877127"
"2020-09-27","1601164800","846923"
"2020-09-28","1601251200","893960"
"2020-09-29","1601337600","929463"
"2020-09-30","1601424000","958913"
"2020-10-01","1601510400","872258"
"2020-10-02","1601596800","857632"
"2020-10-03","1601683200","852085"
"2020-10-04","1601769600","862958"
"2020-10-05","1601856000","929214"
"2020-10-06","1601942400","946355"
"2020-10-07","1602028800","919912"
"2020-10-08","1602115200","901236"
"2020-10-09","1602201600","920272"
"2020-10-10","1602288000","891639"
"2020-10-11","1602374400","887063"
"2020-10-12","1602460800","942638"
"2020-10-13","1602547200","945979"
"2020-10-14","1602633600","925357"
"2020-10-15","1602720000","938860"
"2020-10-16","1602806400","897951"
"2020-10-17","1602892800","884121"
"2020-10-18","1602979200","878575"
"2020-10-19","1603065600","982336"
"2020-10-20","1603152000","959605"
"2020-10-21","1603238400","989882"
"2020-10-22","1603324800","969757"
"2020-10-23","1603411200","926391"
"2020-10-24","1603497600","866814"
"2020-10-25","1603584000","855745"
"2020-10-26","1603670400","924530"
"2020-10-27","1603756800","940074"
"2020-10-28","1603843200","953164"
"2020-10-29","1603929600","967085"
"2020-10-30","1604016000","931888"
"2020-10-31","1604102400","938257"
"2020-11-01","1604188800","913350"
"2020-11-02","1604275200","934755"
"2020-11-03","1604361600","967398"
"2020-11-04","1604448000","888464"
"2020-11-05","1604534400","905364"
"2020-11-06","1604620800","926431"
"2020-11-07","1604707200","896602"
"2020-11-08","1604793600","848151"
"2020-11-09","1604880000","923181"
"2020-11-10","1604966400","949592"
"2020-11-11","1605052800","875907"
"2020-11-12","1605139200","909409"
"2020-11-13","1605225600","929992"
"2020-11-14","1605312000","853355"
"2020-11-15","1605398400","873338"
"2020-11-16","1605484800","915263"
"2020-11-17","1605571200","941284"
"2020-11-18","1605657600","854947"
"2020-11-19","1605744000","895207"
"2020-11-20","1605830400","893861"
"2020-11-21","1605916800","913780"
"2020-11-22","1606003200","887030"
"2020-11-23","1606089600","923403"
"2020-11-24","1606176000","905207"
"2020-11-25","1606262400","883838"
"2020-11-26","1606348800","853978"
"2020-11-27","1606435200","830196"
"2020-11-28","1606521600","762473"
"2020-11-29","1606608000","748165"
"2020-11-30","1606694400","874706"
"2020-12-01","1606780800","861434"
"2020-12-02","1606867200","868884"
"2020-12-03","1606953600","889930"
"2020-12-04","1607040000","900383"
"2020-12-05","1607126400","843820"
"2020-12-06","1607212800","872536"
"2020-12-07","1607299200","913856"
"2020-12-08","1607385600","911670"
"2020-12-09","1607472000","928659"
"2020-12-10","1607558400","901195"
"2020-12-11","1607644800","889686"
"2020-12-12","1607731200","863433"
"2020-12-13","1607817600","861110"
"2020-12-14","1607904000","944861"
"2020-12-15","1607990400","958462"
"2020-12-16","1608076800","957194"
"2020-12-17","1608163200","921579"
"2020-12-18","1608249600","920804"
"2020-12-19","1608336000","891097"
"2020-12-20","1608422400","913631"
"2020-12-21","1608508800","930165"
"2020-12-22","1608595200","927322"
"2020-12-23","1608681600","930937"
"2020-12-24","1608768000","881551"
"2020-12-25","1608854400","904308"
"2020-12-26","1608940800","897680"
"2020-12-27","1609027200","874902"
"2020-12-28","1609113600","934961"
"2020-12-29","1609200000","914917"
"2020-12-30","1609286400","924589"
"2020-12-31","1609372800","915403"
"2021-01-01","1609459200","902125"
"2021-01-02","1609545600","924703"
"2021-01-03","1609632000","851089"
"2021-01-04","1609718400","777590"
"2021-01-05","1609804800","838580"
"2021-01-06","1609891200","848603"
"2021-01-07","1609977600","808651"
"2021-01-08","1610064000","814561"
"2021-01-09","1610150400","832816"
"2021-01-10","1610236800","820047"
"2021-01-11","1610323200","757100"
"2021-01-12","1610409600","807354"
"2021-01-13","1610496000","803117"
"2021-01-14","1610582400","854434"
"2021-01-15","1610668800","842726"
"2021-01-16","1610755200","847649"
"2021-01-17","1610841600","851298"
"2021-01-18","1610928000","902839"
"2021-01-19","1611014400","844361"
"2021-01-20","1611100800","831413"
"2021-01-21","1611187200","811609"
"2021-01-22","1611273600","800820"
"2021-01-23","1611360000","844960"
"2021-01-24","1611446400","849003"
"2021-01-25","1611532800","883954"
"2021-01-26","1611619200","855468"
"2021-01-27","1611705600","866040"
"2021-01-28","1611792000","879431"
"2021-01-29","1611878400","858340"
"2021-01-30","1611964800","838594"
"2021-01-31","1612051200","889923"
"2021-02-01","1612137600","879857"
"2021-02-02","1612224000","864232"
"2021-02-03","1612310400","858657"
"2021-02-04","1612396800","839784"
"2021-02-05","1612483200","847405"
"2021-02-06","1612569600","829515"
"2021-02-07","1612656000","840017"
"2021-02-08","1612742400","833493"
"2021-02-09","1612828800","849049"
"2021-02-10","1612915200","838729"
"2021-02-11","1613001600","839375"
"2021-02-12","1613088000","859865"
"2021-02-13","1613174400","849809"
"2021-02-14","1613260800","853722"
"2021-02-15","1613347200","836615"
"2021-02-16","1613433600","805200"
"2021-02-17","1613520000","840625"
"2021-02-18","1613606400","860018"
"2021-02-19","1613692800","842208"
"2021-02-20","1613779200","837065"
"2021-02-21","1613865600","817649"
"2021-02-22","1613952000","800504"
"2021-02-23","1614038400","738571"
"2021-02-24","1614124800","801522"
"2021-02-25","1614211200","797097"
"2021-02-26","1614297600","782292"
"2021-02-27","1614384000","764982"
"2021-02-28","1614470400","773850"
"2021-03-01","1614556800","799735"
"2021-03-02","1614643200","794399"
"2021-03-03","1614729600","823585"
"2021-03-04","1614816000","823779"
"2021-03-05","1614902400","818139"
"2021-03-06","1614988800","772472"
"2021-03-07","1615075200","827363"
"2021-03-08","1615161600","843648"
"2021-03-09","1615248000","855846"
"2021-03-10","1615334400","850924"
"2021-03-11","1615420800","834936"
"2021-03-12","1615507200","842462"
"2021-03-13","1615593600","821828"
"2021-03-14","1615680000","839830"
"2021-03-15","1615766400","851233"
"2021-03-16","1615852800","847805"
"2021-03-17","1615939200","809819"
"2021-03-18","1616025600","802716"
"2021-03-19","1616112000","852011"
"2021-03-20","1616198400","824277"
"2021-03-21","1616284800","786493"
"2021-03-22","1616371200","858256"
"2021-03-23","1616457600","860115"
"2021-03-24","1616544000","859106"
"2021-03-25","1616630400","839189"
"2021-03-26","1616716800","825898"
"2021-03-27","1616803200","831146"
"2021-03-28","1616889600","809759"
"2021-03-29","1616976000","859856"
"2021-03-30","1617062400","865558"
"2021-03-31","1617148800","872051"
"2021-04-01","1617235200","887161"
"2021-04-02","1617321600","872953"
"2021-04-03","1617408000","846382"
"2021-04-04","1617494400","828827"
"2021-04-05","1617580800","858191"
"2021-04-06","1617667200","892560"
"2021-04-07","1617753600","887469"
"2021-04-08","1617840000","867995"
"2021-04-09","1617926400","866488"
"2021-04-10","1618012800","852569"
"2021-04-11","1618099200","846517"
"2021-04-12","1618185600","892600"
"2021-04-13","1618272000","901504"
"2021-04-14","1618358400","919731"
"2021-04-15","1618444800","881911"
"2021-04-16","1618531200","888966"
"2021-04-17","1618617600","908438"
"2021-04-18","1618704000","915104"
"2021-04-19","1618790400","903992"
"2021-04-20","1618876800","924863"
"2021-04-21","1618963200","987773"
"2021-04-22","1619049600","1050568"
"2021-04-23","1619136000","1054691"
"2021-04-24","1619222400","914207"
"2021-04-25","1619308800","938826"
"2021-04-26","1619395200","1004827"
"2021-04-27","1619481600","1000936"
"2021-04-28","1619568000","1028966"
"2021-04-29","1619654400","1057970"
"2021-04-30","1619740800","1060773"
"2021-05-01","1619827200","1018030"
"2021-05-02","1619913600","1015782"
"2021-05-03","1620000000","1023094"
"2021-05-04","1620086400","1063508"
"2021-05-05","1620172800","1054799"
"2021-05-06","1620259200","1051941"
"2021-05-07","1620345600","1058334"
"2021-05-08","1620432000","1071317"
"2021-05-09","1620518400","1068958"
"2021-05-10","1620604800","1076283"
"2021-05-11","1620691200","1005843"
"2021-05-12","1620777600","1018519"
"2021-05-13","1620864000","1049146"
"2021-05-14","1620950400","1026317"
"2021-05-15","1621036800","1055733"
"2021-05-16","1621123200","1013253"
"2021-05-17","1621209600","1063518"
"2021-05-18","1621296000","1062409"
"2021-05-19","1621382400","1033560"
"2021-05-20","1621468800","1029400"
"2021-05-21","1621555200","1009485"
"2021-05-22","1621641600","962530"
"2021-05-23","1621728000","999340"
"2021-05-24","1621814400","1026580"
"2021-05-25","1621900800","1014364"
"2021-05-26","1621987200","1013917"
"2021-05-27","1622073600","941153"
"2021-05-28","1622160000","1307369"
"2021-05-29","1622246400","1024753"
"2021-05-30","1622332800","1031339"
"2021-05-31","1622419200","987038"
"2021-06-01","1622505600","959702"
"2021-06-02","1622592000","993976"
"2021-06-03","1622678400","999616"
"2021-06-04","1622764800","990889"
"2021-06-05","1622851200","896207"
"2021-06-06","1622937600","883691"
"2021-06-07","1623024000","999366"
"2021-06-08","1623110400","1004447"
"2021-06-09","1623196800","961531"
