Date,Ethereum + Ether + smart contract,monthly,modified daily
8/1/2015,76,3,2.28
8/2/2015,84,3,2.52
8/3/2015,62,3,1.86
8/4/2015,100,3,3
8/5/2015,74,3,2.22
8/6/2015,86,3,2.58
8/7/2015,68,3,2.04
8/8/2015,81,3,2.43
8/9/2015,79,3,2.37
8/10/2015,81,3,2.43
8/11/2015,69,3,2.07
8/12/2015,76,3,2.28
8/13/2015,81,3,2.43
8/14/2015,83,3,2.49
8/15/2015,83,3,2.49
8/16/2015,87,3,2.61
8/17/2015,68,3,2.04
8/18/2015,73,3,2.19
8/19/2015,81,3,2.43
8/20/2015,85,3,2.55
8/21/2015,74,3,2.22
8/22/2015,70,3,2.1
8/23/2015,55,3,1.65
8/24/2015,75,3,2.25
8/25/2015,63,3,1.89
8/26/2015,67,3,2.01
8/27/2015,65,3,1.95
8/28/2015,55,3,1.65
8/29/2015,78,3,2.34
8/30/2015,63,3,1.89
8/31/2015,87,3,2.61
9/1/2015,76,3,2.28
9/2/2015,82,3,2.46
9/3/2015,79,3,2.37
9/4/2015,87,3,2.61
9/5/2015,66,3,1.98
9/6/2015,88,3,2.64
9/7/2015,66,3,1.98
9/8/2015,58,3,1.74
9/9/2015,78,3,2.34
9/10/2015,80,3,2.4
9/11/2015,58,3,1.74
9/12/2015,77,3,2.31
9/13/2015,59,3,1.77
9/14/2015,81,3,2.43
9/15/2015,72,3,2.16
9/16/2015,100,3,3
9/17/2015,85,3,2.55
9/18/2015,65,3,1.95
9/19/2015,49,3,1.47
9/20/2015,72,3,2.16
9/21/2015,85,3,2.55
9/22/2015,68,3,2.04
9/23/2015,86,3,2.58
9/24/2015,75,3,2.25
9/25/2015,73,3,2.19
9/26/2015,82,3,2.46
9/27/2015,61,3,1.83
9/28/2015,85,3,2.55
9/29/2015,65,3,1.95
9/30/2015,95,3,2.85
10/1/2015,100,3,3
10/2/2015,69,3,2.07
10/3/2015,60,3,1.8
10/4/2015,62,3,1.86
10/5/2015,85,3,2.55
10/6/2015,87,3,2.61
10/7/2015,78,3,2.34
10/8/2015,61,3,1.83
10/9/2015,72,3,2.16
10/10/2015,67,3,2.01
10/11/2015,62,3,1.86
10/12/2015,75,3,2.25
10/13/2015,94,3,2.82
10/14/2015,70,3,2.1
10/15/2015,86,3,2.58
10/16/2015,87,3,2.61
10/17/2015,62,3,1.86
10/18/2015,63,3,1.89
10/19/2015,82,3,2.46
10/20/2015,63,3,1.89
10/21/2015,79,3,2.37
10/22/2015,59,3,1.77
10/23/2015,54,3,1.62
10/24/2015,51,3,1.53
10/25/2015,63,3,1.89
10/26/2015,94,3,2.82
10/27/2015,93,3,2.79
10/28/2015,86,3,2.58
10/29/2015,92,3,2.76
10/30/2015,73,3,2.19
10/31/2015,75,3,2.25
11/1/2015,58,3,1.74
11/2/2015,75,3,2.25
11/3/2015,93,3,2.79
11/4/2015,82,3,2.46
11/5/2015,65,3,1.95
11/6/2015,68,3,2.04
11/7/2015,50,3,1.5
11/8/2015,54,3,1.62
11/9/2015,92,3,2.76
11/10/2015,100,3,3
11/11/2015,70,3,2.1
11/12/2015,88,3,2.64
11/13/2015,51,3,1.53
11/14/2015,57,3,1.71
11/15/2015,52,3,1.56
11/16/2015,71,3,2.13
11/17/2015,76,3,2.28
11/18/2015,79,3,2.37
11/19/2015,81,3,2.43
11/20/2015,75,3,2.25
11/21/2015,62,3,1.86
11/22/2015,70,3,2.1
11/23/2015,76,3,2.28
11/24/2015,70,3,2.1
11/25/2015,50,3,1.5
11/26/2015,81,3,2.43
11/27/2015,49,3,1.47
11/28/2015,63,3,1.89
11/29/2015,70,3,2.1
11/30/2015,63,3,1.89
12/1/2015,78,3,2.34
12/2/2015,100,3,3
12/3/2015,89,3,2.67
12/4/2015,70,3,2.1
12/5/2015,56,3,1.68
12/6/2015,68,3,2.04
12/7/2015,86,3,2.58
12/8/2015,79,3,2.37
12/9/2015,90,3,2.7
12/10/2015,80,3,2.4
12/11/2015,71,3,2.13
12/12/2015,59,3,1.77
12/13/2015,81,3,2.43
12/14/2015,59,3,1.77
12/15/2015,51,3,1.53
12/16/2015,80,3,2.4
12/17/2015,75,3,2.25
12/18/2015,73,3,2.19
12/19/2015,63,3,1.89
12/20/2015,62,3,1.86
12/21/2015,73,3,2.19
12/22/2015,77,3,2.31
12/23/2015,64,3,1.92
12/24/2015,57,3,1.71
12/25/2015,48,3,1.44
12/26/2015,62,3,1.86
12/27/2015,59,3,1.77
12/28/2015,57,3,1.71
12/29/2015,62,3,1.86
12/30/2015,55,3,1.65
12/31/2015,65,3,1.95
1/1/2016,38,3,1.14
1/2/2016,50,3,1.5
1/3/2016,52,3,1.56
1/4/2016,59,3,1.77
1/5/2016,40,3,1.2
1/6/2016,57,3,1.71
1/7/2016,52,3,1.56
1/8/2016,64,3,1.92
1/9/2016,43,3,1.29
1/10/2016,44,3,1.32
1/11/2016,53,3,1.59
1/12/2016,68,3,2.04
1/13/2016,63,3,1.89
1/14/2016,66,3,1.98
1/15/2016,55,3,1.65
1/16/2016,52,3,1.56
1/17/2016,38,3,1.14
1/18/2016,70,3,2.1
1/19/2016,69,3,2.07
1/20/2016,67,3,2.01
1/21/2016,80,3,2.4
1/22/2016,69,3,2.07
1/23/2016,70,3,2.1
1/24/2016,73,3,2.19
1/25/2016,80,3,2.4
1/26/2016,100,3,3
1/27/2016,89,3,2.67
1/28/2016,75,3,2.25
1/29/2016,67,3,2.01
1/30/2016,78,3,2.34
1/31/2016,67,3,2.01
2/1/2016,69,4,2.76
2/2/2016,70,4,2.8
2/3/2016,68,4,2.72
2/4/2016,73,4,2.92
2/5/2016,59,4,2.36
2/6/2016,52,4,2.08
2/7/2016,59,4,2.36
2/8/2016,79,4,3.16
2/9/2016,89,4,3.56
2/10/2016,96,4,3.84
2/11/2016,100,4,4
2/12/2016,85,4,3.4
2/13/2016,55,4,2.2
2/14/2016,66,4,2.64
2/15/2016,78,4,3.12
2/16/2016,74,4,2.96
2/17/2016,86,4,3.44
2/18/2016,82,4,3.28
2/19/2016,83,4,3.32
2/20/2016,58,4,2.32
2/21/2016,72,4,2.88
2/22/2016,89,4,3.56
2/23/2016,84,4,3.36
2/24/2016,84,4,3.36
2/25/2016,87,4,3.48
2/26/2016,78,4,3.12
2/27/2016,73,4,2.92
2/28/2016,76,4,3.04
2/29/2016,90,4,3.6
3/1/2016,65,5,3.25
3/2/2016,69,5,3.45
3/3/2016,87,5,4.35
3/4/2016,60,5,3
3/5/2016,56,5,2.8
3/6/2016,64,5,3.2
3/7/2016,71,5,3.55
3/8/2016,62,5,3.1
3/9/2016,63,5,3.15
3/10/2016,59,5,2.95
3/11/2016,64,5,3.2
3/12/2016,57,5,2.85
3/13/2016,74,5,3.7
3/14/2016,81,5,4.05
3/15/2016,80,5,4
3/16/2016,64,5,3.2
3/17/2016,72,5,3.6
3/18/2016,64,5,3.2
3/19/2016,55,5,2.75
3/20/2016,56,5,2.8
3/21/2016,69,5,3.45
3/22/2016,59,5,2.95
3/23/2016,69,5,3.45
3/24/2016,56,5,2.8
3/25/2016,56,5,2.8
3/26/2016,36,5,1.8
3/27/2016,45,5,2.25
3/28/2016,100,5,5
3/29/2016,66,5,3.3
3/30/2016,62,5,3.1
3/31/2016,78,5,3.9
4/1/2016,87,4,3.48
4/2/2016,84,4,3.36
4/3/2016,90,4,3.6
4/4/2016,90,4,3.6
4/5/2016,96,4,3.84
4/6/2016,100,4,4
4/7/2016,86,4,3.44
4/8/2016,82,4,3.28
4/9/2016,89,4,3.56
4/10/2016,82,4,3.28
4/11/2016,80,4,3.2
4/12/2016,95,4,3.8
4/13/2016,91,4,3.64
4/14/2016,68,4,2.72
4/15/2016,94,4,3.76
4/16/2016,62,4,2.48
4/17/2016,67,4,2.68
4/18/2016,87,4,3.48
4/19/2016,90,4,3.6
4/20/2016,75,4,3
4/21/2016,94,4,3.76
4/22/2016,66,4,2.64
4/23/2016,55,4,2.2
4/24/2016,69,4,2.76
4/25/2016,88,4,3.52
4/26/2016,79,4,3.16
4/27/2016,89,4,3.56
4/28/2016,78,4,3.12
4/29/2016,66,4,2.64
4/30/2016,73,4,2.92
5/1/2016,58,4,2.32
5/2/2016,72,4,2.88
5/3/2016,83,4,3.32
5/4/2016,59,4,2.36
5/5/2016,70,4,2.8
5/6/2016,58,4,2.32
5/7/2016,51,4,2.04
5/8/2016,55,4,2.2
5/9/2016,70,4,2.8
5/10/2016,64,4,2.56
5/11/2016,62,4,2.48
5/12/2016,69,4,2.76
5/13/2016,65,4,2.6
5/14/2016,58,4,2.32
5/15/2016,56,4,2.24
5/16/2016,76,4,3.04
5/17/2016,71,4,2.84
5/18/2016,100,4,4
5/19/2016,92,4,3.68
5/20/2016,100,4,4
5/21/2016,75,4,3
5/22/2016,90,4,3.6
5/23/2016,66,4,2.64
5/24/2016,88,4,3.52
5/25/2016,80,4,3.2
5/26/2016,74,4,2.96
5/27/2016,75,4,3
5/28/2016,66,4,2.64
5/29/2016,62,4,2.48
5/30/2016,64,4,2.56
5/31/2016,95,4,3.8
6/1/2016,46,5,2.3
6/2/2016,47,5,2.35
6/3/2016,46,5,2.3
6/4/2016,33,5,1.65
6/5/2016,40,5,2
6/6/2016,36,5,1.8
6/7/2016,51,5,2.55
6/8/2016,50,5,2.5
6/9/2016,41,5,2.05
6/10/2016,47,5,2.35
6/11/2016,35,5,1.75
6/12/2016,43,5,2.15
6/13/2016,58,5,2.9
6/14/2016,54,5,2.7
6/15/2016,42,5,2.1
6/16/2016,50,5,2.5
6/17/2016,100,5,5
6/18/2016,93,5,4.65
6/19/2016,61,5,3.05
6/20/2016,67,5,3.35
6/21/2016,56,5,2.8
6/22/2016,53,5,2.65
6/23/2016,52,5,2.6
6/24/2016,40,5,2
6/25/2016,37,5,1.85
6/26/2016,44,5,2.2
6/27/2016,42,5,2.1
6/28/2016,56,5,2.8
6/29/2016,49,5,2.45
6/30/2016,52,5,2.6
7/1/2016,66,4,2.64
7/2/2016,45,4,1.8
7/3/2016,49,4,1.96
7/4/2016,64,4,2.56
7/5/2016,61,4,2.44
7/6/2016,54,4,2.16
7/7/2016,38,4,1.52
7/8/2016,45,4,1.8
7/9/2016,47,4,1.88
7/10/2016,45,4,1.8
7/11/2016,58,4,2.32
7/12/2016,50,4,2
7/13/2016,46,4,1.84
7/14/2016,60,4,2.4
7/15/2016,55,4,2.2
7/16/2016,44,4,1.76
7/17/2016,56,4,2.24
7/18/2016,46,4,1.84
7/19/2016,54,4,2.16
7/20/2016,65,4,2.6
7/21/2016,85,4,3.4
7/22/2016,82,4,3.28
7/23/2016,59,4,2.36
7/24/2016,71,4,2.84
7/25/2016,73,4,2.92
7/26/2016,100,4,4
7/27/2016,73,4,2.92
7/28/2016,68,4,2.72
7/29/2016,37,4,1.48
7/30/2016,60,4,2.4
7/31/2016,58,4,2.32
8/1/2016,65,4,2.6
8/2/2016,100,4,4
8/3/2016,70,4,2.8
8/4/2016,70,4,2.8
8/5/2016,56,4,2.24
8/6/2016,34,4,1.36
8/7/2016,49,4,1.96
8/8/2016,53,4,2.12
8/9/2016,56,4,2.24
8/10/2016,59,4,2.36
8/11/2016,68,4,2.72
8/12/2016,37,4,1.48
8/13/2016,40,4,1.6
8/14/2016,46,4,1.84
8/15/2016,44,4,1.76
8/16/2016,39,4,1.56
8/17/2016,51,4,2.04
8/18/2016,39,4,1.56
8/19/2016,41,4,1.64
8/20/2016,39,4,1.56
8/21/2016,35,4,1.4
8/22/2016,44,4,1.76
8/23/2016,46,4,1.84
8/24/2016,50,4,2
8/25/2016,43,4,1.72
8/26/2016,49,4,1.96
8/27/2016,45,4,1.8
8/28/2016,50,4,2
8/29/2016,44,4,1.76
8/30/2016,60,4,2.4
8/31/2016,41,4,1.64
9/1/2016,74,4,2.96
9/2/2016,66,4,2.64
9/3/2016,45,4,1.8
9/4/2016,62,4,2.48
9/5/2016,65,4,2.6
9/6/2016,67,4,2.68
9/7/2016,86,4,3.44
9/8/2016,78,4,3.12
9/9/2016,76,4,3.04
9/10/2016,64,4,2.56
9/11/2016,54,4,2.16
9/12/2016,68,4,2.72
9/13/2016,76,4,3.04
9/14/2016,85,4,3.4
9/15/2016,71,4,2.84
9/16/2016,70,4,2.8
9/17/2016,65,4,2.6
9/18/2016,70,4,2.8
9/19/2016,100,4,4
9/20/2016,93,4,3.72
9/21/2016,92,4,3.68
9/22/2016,75,4,3
9/23/2016,72,4,2.88
9/24/2016,53,4,2.12
9/25/2016,79,4,3.16
9/26/2016,73,4,2.92
9/27/2016,89,4,3.56
9/28/2016,75,4,3
9/29/2016,65,4,2.6
9/30/2016,57,4,2.28
10/1/2016,50,4,2
10/2/2016,68,4,2.72
10/3/2016,82,4,3.28
10/4/2016,74,4,2.96
10/5/2016,70,4,2.8
10/6/2016,84,4,3.36
10/7/2016,63,4,2.52
10/8/2016,57,4,2.28
10/9/2016,68,4,2.72
10/10/2016,81,4,3.24
10/11/2016,61,4,2.44
10/12/2016,70,4,2.8
10/13/2016,81,4,3.24
10/14/2016,79,4,3.16
10/15/2016,65,4,2.6
10/16/2016,58,4,2.32
10/17/2016,84,4,3.36
10/18/2016,100,4,4
10/19/2016,85,4,3.4
10/20/2016,82,4,3.28
10/21/2016,73,4,2.92
10/22/2016,59,4,2.36
10/23/2016,81,4,3.24
10/24/2016,69,4,2.76
10/25/2016,75,4,3
10/26/2016,77,4,3.08
10/27/2016,84,4,3.36
10/28/2016,65,4,2.6
10/29/2016,60,4,2.4
10/30/2016,64,4,2.56
10/31/2016,77,4,3.08
11/1/2016,76,4,3.04
11/2/2016,93,4,3.72
11/3/2016,53,4,2.12
11/4/2016,89,4,3.56
11/5/2016,59,4,2.36
11/6/2016,70,4,2.8
11/7/2016,93,4,3.72
11/8/2016,100,4,4
11/9/2016,72,4,2.88
11/10/2016,78,4,3.12
11/11/2016,64,4,2.56
11/12/2016,61,4,2.44
11/13/2016,64,4,2.56
11/14/2016,92,4,3.68
11/15/2016,82,4,3.28
11/16/2016,83,4,3.32
11/17/2016,80,4,3.2
11/18/2016,88,4,3.52
11/19/2016,64,4,2.56
11/20/2016,62,4,2.48
11/21/2016,91,4,3.64
11/22/2016,100,4,4
11/23/2016,77,4,3.08
11/24/2016,74,4,2.96
11/25/2016,56,4,2.24
11/26/2016,76,4,3.04
11/27/2016,96,4,3.84
11/28/2016,96,4,3.84
11/29/2016,81,4,3.24
11/30/2016,83,4,3.32
12/1/2016,66,4,2.64
12/2/2016,75,4,3
12/3/2016,67,4,2.68
12/4/2016,71,4,2.84
12/5/2016,96,4,3.84
12/6/2016,89,4,3.56
12/7/2016,100,4,4
12/8/2016,68,4,2.72
12/9/2016,66,4,2.64
12/10/2016,57,4,2.28
12/11/2016,61,4,2.44
12/12/2016,55,4,2.2
12/13/2016,74,4,2.96
12/14/2016,72,4,2.88
12/15/2016,77,4,3.08
12/16/2016,65,4,2.6
12/17/2016,37,4,1.48
12/18/2016,54,4,2.16
12/19/2016,75,4,3
12/20/2016,63,4,2.52
12/21/2016,67,4,2.68
12/22/2016,45,4,1.8
12/23/2016,63,4,2.52
12/24/2016,52,4,2.08
12/25/2016,41,4,1.64
12/26/2016,53,4,2.12
12/27/2016,56,4,2.24
12/28/2016,49,4,1.96
12/29/2016,61,4,2.44
12/30/2016,48,4,1.92
12/31/2016,74,4,2.96
1/1/2017,77,4,3.08
1/2/2017,79,4,3.16
1/3/2017,75,4,3
1/4/2017,91,4,3.64
1/5/2017,94,4,3.76
1/6/2017,100,4,4
1/7/2017,69,4,2.76
1/8/2017,55,4,2.2
1/9/2017,81,4,3.24
1/10/2017,91,4,3.64
1/11/2017,81,4,3.24
1/12/2017,89,4,3.56
1/13/2017,54,4,2.16
1/14/2017,56,4,2.24
1/15/2017,59,4,2.36
1/16/2017,74,4,2.96
1/17/2017,83,4,3.32
1/18/2017,89,4,3.56
1/19/2017,83,4,3.32
1/20/2017,66,4,2.64
1/21/2017,65,4,2.6
1/22/2017,71,4,2.84
1/23/2017,72,4,2.88
1/24/2017,88,4,3.52
1/25/2017,62,4,2.48
1/26/2017,65,4,2.6
1/27/2017,78,4,3.12
1/28/2017,60,4,2.4
1/29/2017,61,4,2.44
1/30/2017,75,4,3
1/31/2017,88,4,3.52
2/1/2017,49,5,2.45
2/2/2017,47,5,2.35
2/3/2017,50,5,2.5
2/4/2017,37,5,1.85
2/5/2017,38,5,1.9
2/6/2017,41,5,2.05
2/7/2017,39,5,1.95
2/8/2017,44,5,2.2
2/9/2017,52,5,2.6
2/10/2017,43,5,2.15
2/11/2017,35,5,1.75
2/12/2017,41,5,2.05
2/13/2017,44,5,2.2
2/14/2017,57,5,2.85
2/15/2017,51,5,2.55
2/16/2017,42,5,2.1
2/17/2017,53,5,2.65
2/18/2017,38,5,1.9
2/19/2017,44,5,2.2
2/20/2017,46,5,2.3
2/21/2017,51,5,2.55
2/22/2017,46,5,2.3
2/23/2017,53,5,2.65
2/24/2017,47,5,2.35
2/25/2017,59,5,2.95
2/26/2017,94,5,4.7
2/27/2017,72,5,3.6
2/28/2017,100,5,5
3/1/2017,50,8,4
3/2/2017,63,8,5.04
3/3/2017,53,8,4.24
3/4/2017,38,8,3.04
3/5/2017,31,8,2.48
3/6/2017,47,8,3.76
3/7/2017,41,8,3.28
3/8/2017,45,8,3.6
3/9/2017,39,8,3.12
3/10/2017,45,8,3.6
3/11/2017,43,8,3.44
3/12/2017,40,8,3.2
3/13/2017,64,8,5.12
3/14/2017,55,8,4.4
3/15/2017,54,8,4.32
3/16/2017,100,8,8
3/17/2017,94,8,7.52
3/18/2017,69,8,5.52
3/19/2017,53,8,4.24
3/20/2017,59,8,4.72
3/21/2017,59,8,4.72
3/22/2017,59,8,4.72
3/23/2017,53,8,4.24
3/24/2017,53,8,4.24
3/25/2017,57,8,4.56
3/26/2017,50,8,4
3/27/2017,55,8,4.4
3/28/2017,48,8,3.84
3/29/2017,60,8,4.8
3/30/2017,54,8,4.32
3/31/2017,46,8,3.68
4/1/2017,33,7,2.31
4/2/2017,39,7,2.73
4/3/2017,48,7,3.36
4/4/2017,49,7,3.43
4/5/2017,38,7,2.66
4/6/2017,46,7,3.22
4/7/2017,40,7,2.8
4/8/2017,30,7,2.1
4/9/2017,39,7,2.73
4/10/2017,44,7,3.08
4/11/2017,38,7,2.66
4/12/2017,38,7,2.66
4/13/2017,51,7,3.57
4/14/2017,39,7,2.73
4/15/2017,43,7,3.01
4/16/2017,36,7,2.52
4/17/2017,38,7,2.66
4/18/2017,51,7,3.57
4/19/2017,45,7,3.15
4/20/2017,47,7,3.29
4/21/2017,35,7,2.45
4/22/2017,31,7,2.17
4/23/2017,33,7,2.31
4/24/2017,42,7,2.94
4/25/2017,48,7,3.36
4/26/2017,45,7,3.15
4/27/2017,67,7,4.69
4/28/2017,80,7,5.6
4/29/2017,59,7,4.13
4/30/2017,80,7,5.6
5/1/2017,38,17,6.46
5/2/2017,31,17,5.27
5/3/2017,30,17,5.1
5/4/2017,36,17,6.12
5/5/2017,41,17,6.97
5/6/2017,27,17,4.59
5/7/2017,26,17,4.42
5/8/2017,32,17,5.44
5/9/2017,31,17,5.27
5/10/2017,30,17,5.1
5/11/2017,29,17,4.93
5/12/2017,23,17,3.91
5/13/2017,23,17,3.91
5/14/2017,20,17,3.4
5/15/2017,24,17,4.08
5/16/2017,25,17,4.25
5/17/2017,26,17,4.42
5/18/2017,24,17,4.08
5/19/2017,44,17,7.48
5/20/2017,40,17,6.8
5/21/2017,45,17,7.65
5/22/2017,92,17,15.64
5/23/2017,71,17,12.07
5/24/2017,92,17,15.64
5/25/2017,100,17,17
5/26/2017,66,17,11.22
5/27/2017,59,17,10.03
5/28/2017,49,17,8.33
5/29/2017,51,17,8.67
5/30/2017,69,17,11.73
5/31/2017,80,17,13.6
6/1/2017,40,32,12.8
6/2/2017,33,32,10.56
6/3/2017,31,32,9.92
6/4/2017,36,32,11.52
6/5/2017,35,32,11.2
6/6/2017,50,32,16
6/7/2017,42,32,13.44
6/8/2017,38,32,12.16
6/9/2017,39,32,12.48
6/10/2017,55,32,17.6
6/11/2017,60,32,19.2
6/12/2017,100,32,32
6/13/2017,76,32,24.32
6/14/2017,75,32,24
6/15/2017,75,32,24
6/16/2017,53,32,16.96
6/17/2017,41,32,13.12
6/18/2017,43,32,13.76
6/19/2017,44,32,14.08
6/20/2017,52,32,16.64
6/21/2017,69,32,22.08
6/22/2017,63,32,20.16
6/23/2017,57,32,18.24
6/24/2017,44,32,14.08
6/25/2017,53,32,16.96
6/26/2017,76,32,24.32
6/27/2017,63,32,20.16
6/28/2017,55,32,17.6
6/29/2017,43,32,13.76
6/30/2017,40,32,12.8
7/1/2017,59,21,12.39
7/2/2017,58,21,12.18
7/3/2017,65,21,13.65
7/4/2017,58,21,12.18
7/5/2017,61,21,12.81
7/6/2017,63,21,13.23
7/7/2017,59,21,12.39
7/8/2017,57,21,11.97
7/9/2017,54,21,11.34
7/10/2017,85,21,17.85
7/11/2017,100,21,21
7/12/2017,73,21,15.33
7/13/2017,66,21,13.86
7/14/2017,60,21,12.6
7/15/2017,59,21,12.39
7/16/2017,74,21,15.54
7/17/2017,63,21,13.23
7/18/2017,77,21,16.17
7/19/2017,71,21,14.91
7/20/2017,66,21,13.86
7/21/2017,55,21,11.55
7/22/2017,41,21,8.61
7/23/2017,50,21,10.5
7/24/2017,49,21,10.29
7/25/2017,55,21,11.55
7/26/2017,50,21,10.5
7/27/2017,48,21,10.08
7/28/2017,53,21,11.13
7/29/2017,48,21,10.08
7/30/2017,39,21,8.19
7/31/2017,46,21,9.66
8/1/2017,78,18,14.04
8/2/2017,72,18,12.96
8/3/2017,59,18,10.62
8/4/2017,65,18,11.7
8/5/2017,68,18,12.24
8/6/2017,72,18,12.96
8/7/2017,86,18,15.48
8/8/2017,96,18,17.28
8/9/2017,97,18,17.46
8/10/2017,79,18,14.22
8/11/2017,78,18,14.04
8/12/2017,74,18,13.32
8/13/2017,79,18,14.22
8/14/2017,100,18,18
8/15/2017,86,18,15.48
8/16/2017,85,18,15.3
8/17/2017,82,18,14.76
8/18/2017,68,18,12.24
8/19/2017,59,18,10.62
8/20/2017,52,18,9.36
8/21/2017,90,18,16.2
8/22/2017,81,18,14.58
8/23/2017,70,18,12.6
8/24/2017,64,18,11.52
8/25/2017,74,18,13.32
8/26/2017,65,18,11.7
8/27/2017,57,18,10.26
8/28/2017,73,18,13.14
8/29/2017,85,18,15.3
8/30/2017,98,18,17.64
8/31/2017,87,18,15.66
9/1/2017,95,17,16.15
9/2/2017,97,17,16.49
9/3/2017,85,17,14.45
9/4/2017,100,17,17
9/5/2017,96,17,16.32
9/6/2017,84,17,14.28
9/7/2017,72,17,12.24
9/8/2017,79,17,13.43
9/9/2017,60,17,10.2
9/10/2017,59,17,10.03
9/11/2017,69,17,11.73
9/12/2017,64,17,10.88
9/13/2017,76,17,12.92
9/14/2017,85,17,14.45
9/15/2017,86,17,14.62
9/16/2017,63,17,10.71
9/17/2017,57,17,9.69
9/18/2017,78,17,13.26
9/19/2017,72,17,12.24
9/20/2017,61,17,10.37
9/21/2017,63,17,10.71
9/22/2017,46,17,7.82
9/23/2017,49,17,8.33
9/24/2017,54,17,9.18
9/25/2017,59,17,10.03
9/26/2017,59,17,10.03
9/27/2017,59,17,10.03
9/28/2017,57,17,9.69
9/29/2017,50,17,8.5
9/30/2017,43,17,7.31
10/1/2017,57,15,8.55
10/2/2017,57,15,8.55
10/3/2017,57,15,8.55
10/4/2017,57,15,8.55
10/5/2017,58,15,8.7
10/6/2017,51,15,7.65
10/7/2017,51,15,7.65
10/8/2017,52,15,7.8
10/9/2017,61,15,9.15
10/10/2017,65,15,9.75
10/11/2017,62,15,9.3
10/12/2017,79,15,11.85
10/13/2017,100,15,15
10/14/2017,73,15,10.95
10/15/2017,74,15,11.1
10/16/2017,96,15,14.4
10/17/2017,72,15,10.8
10/18/2017,82,15,12.3
10/19/2017,72,15,10.8
10/20/2017,63,15,9.45
10/21/2017,72,15,10.8
10/22/2017,57,15,8.55
10/23/2017,70,15,10.5
10/24/2017,71,15,10.65
10/25/2017,68,15,10.2
10/26/2017,71,15,10.65
10/27/2017,57,15,8.55
10/28/2017,59,15,8.85
10/29/2017,52,15,7.8
10/30/2017,65,15,9.75
10/31/2017,65,15,9.75
11/1/2017,33,24,7.92
11/2/2017,44,24,10.56
11/3/2017,37,24,8.88
11/4/2017,31,24,7.44
11/5/2017,31,24,7.44
11/6/2017,32,24,7.68
11/7/2017,35,24,8.4
11/8/2017,42,24,10.08
11/9/2017,40,24,9.6
11/10/2017,34,24,8.16
11/11/2017,33,24,7.92
11/12/2017,32,24,7.68
11/13/2017,36,24,8.64
11/14/2017,36,24,8.64
11/15/2017,36,24,8.64
11/16/2017,32,24,7.68
11/17/2017,35,24,8.4
11/18/2017,28,24,6.72
11/19/2017,40,24,9.6
11/20/2017,43,24,10.32
11/21/2017,43,24,10.32
11/22/2017,38,24,9.12
11/23/2017,52,24,12.48
11/24/2017,63,24,15.12
11/25/2017,64,24,15.36
11/26/2017,56,24,13.44
11/27/2017,72,24,17.28
11/28/2017,73,24,17.52
11/29/2017,100,24,24
11/30/2017,77,24,18.48
12/1/2017,47,45,21.15
12/2/2017,42,45,18.9
12/3/2017,40,45,18
12/4/2017,49,45,22.05
12/5/2017,50,45,22.5
12/6/2017,63,45,28.35
12/7/2017,79,45,35.55
12/8/2017,72,45,32.4
12/9/2017,64,45,28.8
12/10/2017,52,45,23.4
12/11/2017,61,45,27.45
12/12/2017,100,45,45
12/13/2017,100,45,45
12/14/2017,92,45,41.4
12/15/2017,71,45,31.95
12/16/2017,62,45,27.9
12/17/2017,61,45,27.45
12/18/2017,63,45,28.35
12/19/2017,88,45,39.6
12/20/2017,72,45,32.4
12/21/2017,65,45,29.25
12/22/2017,81,45,36.45
12/23/2017,56,45,25.2
12/24/2017,46,45,20.7
12/25/2017,46,45,20.7
12/26/2017,46,45,20.7
12/27/2017,46,45,20.7
12/28/2017,49,45,22.05
12/29/2017,44,45,19.8
12/30/2017,43,45,19.35
12/31/2017,35,45,15.75
1/1/2018,38,42,15.96
1/2/2018,65,42,27.3
1/3/2018,61,42,25.62
1/4/2018,81,42,34.02
1/5/2018,71,42,29.82
1/6/2018,59,42,24.78
1/7/2018,72,42,30.24
1/8/2018,81,42,34.02
1/9/2018,81,42,34.02
1/10/2018,100,42,42
1/11/2018,85,42,35.7
1/12/2018,66,42,27.72
1/13/2018,70,42,29.4
1/14/2018,59,42,24.78
1/15/2018,59,42,24.78
1/16/2018,86,42,36.12
1/17/2018,88,42,36.96
1/18/2018,63,42,26.46
1/19/2018,51,42,21.42
1/20/2018,44,42,18.48
1/21/2018,40,42,16.8
1/22/2018,44,42,18.48
1/23/2018,41,42,17.22
1/24/2018,39,42,16.38
1/25/2018,40,42,16.8
1/26/2018,36,42,15.12
1/27/2018,30,42,12.6
1/28/2018,47,42,19.74
1/29/2018,44,42,18.48
1/30/2018,39,42,16.38
1/31/2018,36,42,15.12
2/1/2018,78,21,16.38
2/2/2018,100,21,21
2/3/2018,63,21,13.23
2/4/2018,63,21,13.23
2/5/2018,94,21,19.74
2/6/2018,98,21,20.58
2/7/2018,64,21,13.44
2/8/2018,57,21,11.97
2/9/2018,60,21,12.6
2/10/2018,47,21,9.87
2/11/2018,42,21,8.82
2/12/2018,50,21,10.5
2/13/2018,51,21,10.71
2/14/2018,52,21,10.92
2/15/2018,57,21,11.97
2/16/2018,47,21,9.87
2/17/2018,45,21,9.45
2/18/2018,46,21,9.66
2/19/2018,46,21,9.66
2/20/2018,48,21,10.08
2/21/2018,51,21,10.71
2/22/2018,45,21,9.45
2/23/2018,42,21,8.82
2/24/2018,38,21,7.98
2/25/2018,32,21,6.72
2/26/2018,41,21,8.61
2/27/2018,41,21,8.61
2/28/2018,38,21,7.98
3/1/2018,74,14,10.36
3/2/2018,74,14,10.36
3/3/2018,71,14,9.94
3/4/2018,67,14,9.38
3/5/2018,79,14,11.06
3/6/2018,76,14,10.64
3/7/2018,81,14,11.34
3/8/2018,78,14,10.92
3/9/2018,86,14,12.04
3/10/2018,66,14,9.24
3/11/2018,84,14,11.76
3/12/2018,75,14,10.5
3/13/2018,77,14,10.78
3/14/2018,82,14,11.48
3/15/2018,84,14,11.76
3/16/2018,66,14,9.24
3/17/2018,59,14,8.26
3/18/2018,100,14,14
3/19/2018,75,14,10.5
3/20/2018,62,14,8.68
3/21/2018,78,14,10.92
3/22/2018,61,14,8.54
3/23/2018,59,14,8.26
3/24/2018,54,14,7.56
3/25/2018,49,14,6.86
3/26/2018,70,14,9.8
3/27/2018,80,14,11.2
3/28/2018,77,14,10.78
3/29/2018,93,14,13.02
3/30/2018,80,14,11.2
3/31/2018,58,14,8.12
4/1/2018,91,12,10.92
4/2/2018,72,12,8.64
4/3/2018,82,12,9.84
4/4/2018,87,12,10.44
4/5/2018,74,12,8.88
4/6/2018,78,12,9.36
4/7/2018,73,12,8.76
4/8/2018,63,12,7.56
4/9/2018,65,12,7.8
4/10/2018,75,12,9
4/11/2018,69,12,8.28
4/12/2018,74,12,8.88
4/13/2018,81,12,9.72
4/14/2018,68,12,8.16
4/15/2018,63,12,7.56
4/16/2018,80,12,9.6
4/17/2018,72,12,8.64
4/18/2018,62,12,7.44
4/19/2018,67,12,8.04
4/20/2018,90,12,10.8
4/21/2018,77,12,9.24
4/22/2018,72,12,8.64
4/23/2018,85,12,10.2
4/24/2018,100,12,12
4/25/2018,88,12,10.56
4/26/2018,83,12,9.96
4/27/2018,65,12,7.8
4/28/2018,59,12,7.08
4/29/2018,68,12,8.16
4/30/2018,84,12,10.08
5/1/2018,55,12,6.6
5/2/2018,64,12,7.68
5/3/2018,81,12,9.72
5/4/2018,79,12,9.48
5/5/2018,69,12,8.28
5/6/2018,69,12,8.28
5/7/2018,100,12,12
5/8/2018,73,12,8.76
5/9/2018,57,12,6.84
5/10/2018,55,12,6.6
5/11/2018,55,12,6.6
5/12/2018,51,12,6.12
5/13/2018,51,12,6.12
5/14/2018,58,12,6.96
5/15/2018,57,12,6.84
5/16/2018,55,12,6.6
5/17/2018,46,12,5.52
5/18/2018,55,12,6.6
5/19/2018,50,12,6
5/20/2018,51,12,6.12
5/21/2018,51,12,6.12
5/22/2018,56,12,6.72
5/23/2018,59,12,7.08
5/24/2018,57,12,6.84
5/25/2018,50,12,6
5/26/2018,43,12,5.16
5/27/2018,47,12,5.64
5/28/2018,56,12,6.72
5/29/2018,59,12,7.08
5/30/2018,55,12,6.6
5/31/2018,58,12,6.96
6/1/2018,79,9,7.11
6/2/2018,71,9,6.39
6/3/2018,82,9,7.38
6/4/2018,91,9,8.19
6/5/2018,92,9,8.28
6/6/2018,77,9,6.93
6/7/2018,81,9,7.29
6/8/2018,76,9,6.84
6/9/2018,60,9,5.4
6/10/2018,83,9,7.47
6/11/2018,93,9,8.37
6/12/2018,100,9,9
6/13/2018,97,9,8.73
6/14/2018,92,9,8.28
6/15/2018,85,9,7.65
6/16/2018,71,9,6.39
6/17/2018,77,9,6.93
6/18/2018,67,9,6.03
6/19/2018,74,9,6.66
6/20/2018,75,9,6.75
6/21/2018,87,9,7.83
6/22/2018,83,9,7.47
6/23/2018,57,9,5.13
6/24/2018,75,9,6.75
6/25/2018,78,9,7.02
6/26/2018,87,9,7.83
6/27/2018,76,9,6.84
6/28/2018,62,9,5.58
6/29/2018,93,9,8.37
6/30/2018,58,9,5.22
7/1/2018,65,8,5.2
7/2/2018,79,8,6.32
7/3/2018,84,8,6.72
7/4/2018,92,8,7.36
7/5/2018,76,8,6.08
7/6/2018,83,8,6.64
7/7/2018,61,8,4.88
7/8/2018,87,8,6.96
7/9/2018,89,8,7.12
7/10/2018,82,8,6.56
7/11/2018,84,8,6.72
7/12/2018,87,8,6.96
7/13/2018,73,8,5.84
7/14/2018,61,8,4.88
7/15/2018,56,8,4.48
7/16/2018,87,8,6.96
7/17/2018,85,8,6.8
7/18/2018,96,8,7.68
7/19/2018,100,8,8
7/20/2018,74,8,5.92
7/21/2018,76,8,6.08
7/22/2018,84,8,6.72
7/23/2018,96,8,7.68
7/24/2018,85,8,6.8
7/25/2018,91,8,7.28
7/26/2018,81,8,6.48
7/27/2018,67,8,5.36
7/28/2018,70,8,5.6
7/29/2018,64,8,5.12
7/30/2018,80,8,6.4
7/31/2018,86,8,6.88
8/1/2018,53,9,4.77
8/2/2018,49,9,4.41
8/3/2018,59,9,5.31
8/4/2018,46,9,4.14
8/5/2018,51,9,4.59
8/6/2018,52,9,4.68
8/7/2018,72,9,6.48
8/8/2018,68,9,6.12
8/9/2018,61,9,5.49
8/10/2018,70,9,6.3
8/11/2018,63,9,5.67
8/12/2018,46,9,4.14
8/13/2018,81,9,7.29
8/14/2018,100,9,9
8/15/2018,72,9,6.48
8/16/2018,72,9,6.48
8/17/2018,69,9,6.21
8/18/2018,58,9,5.22
8/19/2018,48,9,4.32
8/20/2018,59,9,5.31
8/21/2018,59,9,5.31
8/22/2018,56,9,5.04
8/23/2018,55,9,4.95
8/24/2018,53,9,4.77
8/25/2018,45,9,4.05
8/26/2018,37,9,3.33
8/27/2018,53,9,4.77
8/28/2018,57,9,5.13
8/29/2018,54,9,4.86
8/30/2018,51,9,4.59
8/31/2018,52,9,4.68
9/1/2018,53,9,4.77
9/2/2018,52,9,4.68
9/3/2018,65,9,5.85
9/4/2018,75,9,6.75
9/5/2018,92,9,8.28
9/6/2018,93,9,8.37
9/7/2018,89,9,8.01
9/8/2018,79,9,7.11
9/9/2018,89,9,8.01
9/10/2018,97,9,8.73
9/11/2018,97,9,8.73
9/12/2018,100,9,9
9/13/2018,83,9,7.47
9/14/2018,77,9,6.93
9/15/2018,70,9,6.3
9/16/2018,64,9,5.76
9/17/2018,72,9,6.48
9/18/2018,78,9,7.02
9/19/2018,67,9,6.03
9/20/2018,79,9,7.11
9/21/2018,84,9,7.56
9/22/2018,58,9,5.22
9/23/2018,60,9,5.4
9/24/2018,67,9,6.03
9/25/2018,72,9,6.48
9/26/2018,68,9,6.12
9/27/2018,70,9,6.3
9/28/2018,66,9,5.94
9/29/2018,65,9,5.85
9/30/2018,62,9,5.58
10/1/2018,100,7,7
10/2/2018,90,7,6.3
10/3/2018,94,7,6.58
10/4/2018,96,7,6.72
10/5/2018,71,7,4.97
10/6/2018,68,7,4.76
10/7/2018,78,7,5.46
10/8/2018,89,7,6.23
10/9/2018,70,7,4.9
10/10/2018,92,7,6.44
10/11/2018,97,7,6.79
10/12/2018,79,7,5.53
10/13/2018,67,7,4.69
10/14/2018,81,7,5.67
10/15/2018,93,7,6.51
10/16/2018,83,7,5.81
10/17/2018,77,7,5.39
10/18/2018,80,7,5.6
10/19/2018,64,7,4.48
10/20/2018,67,7,4.69
10/21/2018,80,7,5.6
10/22/2018,83,7,5.81
10/23/2018,73,7,5.11
10/24/2018,84,7,5.88
10/25/2018,88,7,6.16
10/26/2018,74,7,5.18
10/27/2018,48,7,3.36
10/28/2018,68,7,4.76
10/29/2018,75,7,5.25
10/30/2018,81,7,5.67
10/31/2018,88,7,6.16
11/1/2018,77,7,5.39
11/2/2018,67,7,4.69
11/3/2018,67,7,4.69
11/4/2018,71,7,4.97
11/5/2018,71,7,4.97
11/6/2018,70,7,4.9
11/7/2018,57,7,3.99
11/8/2018,64,7,4.48
11/9/2018,60,7,4.2
11/10/2018,58,7,4.06
11/11/2018,56,7,3.92
11/12/2018,70,7,4.9
11/13/2018,70,7,4.9
11/14/2018,89,7,6.23
11/15/2018,85,7,5.95
11/16/2018,65,7,4.55
11/17/2018,56,7,3.92
11/18/2018,58,7,4.06
11/19/2018,92,7,6.44
11/20/2018,100,7,7
11/21/2018,78,7,5.46
11/22/2018,70,7,4.9
11/23/2018,66,7,4.62
11/24/2018,62,7,4.34
11/25/2018,87,7,6.09
11/26/2018,92,7,6.44
11/27/2018,89,7,6.23
11/28/2018,85,7,5.95
11/29/2018,80,7,5.6
11/30/2018,63,7,4.41
12/1/2018,59,7,4.13
12/2/2018,54,7,3.78
12/3/2018,68,7,4.76
12/4/2018,66,7,4.62
12/5/2018,69,7,4.83
12/6/2018,79,7,5.53
12/7/2018,95,7,6.65
12/8/2018,74,7,5.18
12/9/2018,63,7,4.41
12/10/2018,80,7,5.6
12/11/2018,79,7,5.53
12/12/2018,73,7,5.11
12/13/2018,72,7,5.04
12/14/2018,60,7,4.2
12/15/2018,55,7,3.85
12/16/2018,51,7,3.57
12/17/2018,72,7,5.04
12/18/2018,66,7,4.62
12/19/2018,75,7,5.25
12/20/2018,73,7,5.11
12/21/2018,75,7,5.25
12/22/2018,54,7,3.78
12/23/2018,79,7,5.53
12/24/2018,100,7,7
12/25/2018,63,7,4.41
12/26/2018,72,7,5.04
12/27/2018,62,7,4.34
12/28/2018,67,7,4.69
12/29/2018,71,7,4.97
12/30/2018,63,7,4.41
12/31/2018,50,7,3.5
1/1/2019,61,7,4.27
1/2/2019,94,7,6.58
1/3/2019,100,7,7
1/4/2019,82,7,5.74
1/5/2019,84,7,5.88
1/6/2019,74,7,5.18
1/7/2019,87,7,6.09
1/8/2019,96,7,6.72
1/9/2019,81,7,5.67
1/10/2019,97,7,6.79
1/11/2019,75,7,5.25
1/12/2019,69,7,4.83
1/13/2019,67,7,4.69
1/14/2019,86,7,6.02
1/15/2019,96,7,6.72
1/16/2019,81,7,5.67
1/17/2019,78,7,5.46
1/18/2019,71,7,4.97
1/19/2019,58,7,4.06
1/20/2019,56,7,3.92
1/21/2019,61,7,4.27
1/22/2019,61,7,4.27
1/23/2019,57,7,3.99
1/24/2019,58,7,4.06
1/25/2019,60,7,4.2
1/26/2019,53,7,3.71
1/27/2019,54,7,3.78
1/28/2019,58,7,4.06
1/29/2019,63,7,4.41
1/30/2019,59,7,4.13
1/31/2019,57,7,3.99
2/1/2019,73,7,5.11
2/2/2019,66,7,4.62
2/3/2019,54,7,3.78
2/4/2019,66,7,4.62
2/5/2019,78,7,5.46
2/6/2019,74,7,5.18
2/7/2019,61,7,4.27
2/8/2019,63,7,4.41
2/9/2019,69,7,4.83
2/10/2019,69,7,4.83
2/11/2019,77,7,5.39
2/12/2019,79,7,5.53
2/13/2019,60,7,4.2
2/14/2019,76,7,5.32
2/15/2019,65,7,4.55
2/16/2019,57,7,3.99
2/17/2019,58,7,4.06
2/18/2019,100,7,7
2/19/2019,92,7,6.44
2/20/2019,78,7,5.46
2/21/2019,83,7,5.81
2/22/2019,73,7,5.11
2/23/2019,67,7,4.69
2/24/2019,92,7,6.44
2/25/2019,72,7,5.04
2/26/2019,76,7,5.32
2/27/2019,86,7,6.02
2/28/2019,98,7,6.86
3/1/2019,95,6,5.7
3/2/2019,76,6,4.56
3/3/2019,90,6,5.4
3/4/2019,79,6,4.74
3/5/2019,93,6,5.58
3/6/2019,93,6,5.58
3/7/2019,90,6,5.4
3/8/2019,85,6,5.1
3/9/2019,78,6,4.68
3/10/2019,76,6,4.56
3/11/2019,85,6,5.1
3/12/2019,91,6,5.46
3/13/2019,86,6,5.16
3/14/2019,81,6,4.86
3/15/2019,67,6,4.02
3/16/2019,74,6,4.44
3/17/2019,63,6,3.78
3/18/2019,94,6,5.64
3/19/2019,92,6,5.52
3/20/2019,87,6,5.22
3/21/2019,80,6,4.8
3/22/2019,76,6,4.56
3/23/2019,80,6,4.8
3/24/2019,82,6,4.92
3/25/2019,89,6,5.34
3/26/2019,89,6,5.34
3/27/2019,100,6,6
3/28/2019,92,6,5.52
3/29/2019,82,6,4.92
3/30/2019,71,6,4.26
3/31/2019,70,6,4.2
4/1/2019,76,7,5.32
4/2/2019,100,7,7
4/3/2019,97,7,6.79
4/4/2019,82,7,5.74
4/5/2019,78,7,5.46
4/6/2019,60,7,4.2
4/7/2019,73,7,5.11
4/8/2019,98,7,6.86
4/9/2019,85,7,5.95
4/10/2019,85,7,5.95
4/11/2019,64,7,4.48
4/12/2019,65,7,4.55
4/13/2019,53,7,3.71
4/14/2019,56,7,3.92
4/15/2019,60,7,4.2
4/16/2019,64,7,4.48
4/17/2019,69,7,4.83
4/18/2019,75,7,5.25
4/19/2019,66,7,4.62
4/20/2019,56,7,3.92
4/21/2019,55,7,3.85
4/22/2019,61,7,4.27
4/23/2019,63,7,4.41
4/24/2019,73,7,5.11
4/25/2019,74,7,5.18
4/26/2019,63,7,4.41
4/27/2019,55,7,3.85
4/28/2019,52,7,3.64
4/29/2019,63,7,4.41
4/30/2019,83,7,5.81
5/1/2019,47,8,3.76
5/2/2019,38,8,3.04
5/3/2019,37,8,2.96
5/4/2019,42,8,3.36
5/5/2019,37,8,2.96
5/6/2019,43,8,3.44
5/7/2019,54,8,4.32
5/8/2019,47,8,3.76
5/9/2019,47,8,3.76
5/10/2019,36,8,2.88
5/11/2019,50,8,4
5/12/2019,52,8,4.16
5/13/2019,71,8,5.68
5/14/2019,71,8,5.68
5/15/2019,90,8,7.2
5/16/2019,100,8,8
5/17/2019,69,8,5.52
5/18/2019,45,8,3.6
5/19/2019,62,8,4.96
5/20/2019,53,8,4.24
5/21/2019,56,8,4.48
5/22/2019,48,8,3.84
5/23/2019,48,8,3.84
5/24/2019,49,8,3.92
5/25/2019,38,8,3.04
5/26/2019,35,8,2.8
5/27/2019,54,8,4.32
5/28/2019,59,8,4.72
5/29/2019,49,8,3.92
5/30/2019,59,8,4.72
5/31/2019,54,8,4.32
6/1/2019,41,8,3.28
6/2/2019,52,8,4.16
6/3/2019,57,8,4.56
6/4/2019,51,8,4.08
6/5/2019,48,8,3.84
6/6/2019,50,8,4
6/7/2019,46,8,3.68
6/8/2019,38,8,3.04
6/9/2019,47,8,3.76
6/10/2019,42,8,3.36
6/11/2019,38,8,3.04
6/12/2019,43,8,3.44
6/13/2019,48,8,3.84
6/14/2019,44,8,3.52
6/15/2019,36,8,2.88
6/16/2019,55,8,4.4
6/17/2019,55,8,4.4
6/18/2019,54,8,4.32
6/19/2019,46,8,3.68
6/20/2019,57,8,4.56
6/21/2019,64,8,5.12
6/22/2019,78,8,6.24
6/23/2019,57,8,4.56
6/24/2019,73,8,5.84
6/25/2019,76,8,6.08
6/26/2019,100,8,8
6/27/2019,82,8,6.56
6/28/2019,65,8,5.2
6/29/2019,65,8,5.2
6/30/2019,61,8,4.88
7/1/2019,36,11,3.96
7/2/2019,33,11,3.63
7/3/2019,31,11,3.41
7/4/2019,28,11,3.08
7/5/2019,26,11,2.86
7/6/2019,26,11,2.86
7/7/2019,33,11,3.63
7/8/2019,33,11,3.63
7/9/2019,35,11,3.85
7/10/2019,48,11,5.28
7/11/2019,53,11,5.83
7/12/2019,65,11,7.15
7/13/2019,76,11,8.36
7/14/2019,67,11,7.37
7/15/2019,69,11,7.59
7/16/2019,68,11,7.48
7/17/2019,73,11,8.03
7/18/2019,100,11,11
7/19/2019,58,11,6.38
7/20/2019,21,11,2.31
7/21/2019,21,11,2.31
7/22/2019,21,11,2.31
7/23/2019,24,11,2.64
7/24/2019,22,11,2.42
7/25/2019,22,11,2.42
7/26/2019,18,11,1.98
7/27/2019,19,11,2.09
7/28/2019,19,11,2.09
7/29/2019,22,11,2.42
7/30/2019,22,11,2.42
7/31/2019,18,11,1.98
8/1/2019,88,6,5.28
8/2/2019,100,6,6
8/3/2019,85,6,5.1
8/4/2019,85,6,5.1
8/5/2019,99,6,5.94
8/6/2019,82,6,4.92
8/7/2019,82,6,4.92
8/8/2019,75,6,4.5
8/9/2019,84,6,5.04
8/10/2019,79,6,4.74
8/11/2019,67,6,4.02
8/12/2019,87,6,5.22
8/13/2019,69,6,4.14
8/14/2019,94,6,5.64
8/15/2019,97,6,5.82
8/16/2019,76,6,4.56
8/17/2019,85,6,5.1
8/18/2019,85,6,5.1
8/19/2019,80,6,4.8
8/20/2019,83,6,4.98
8/21/2019,95,6,5.7
8/22/2019,92,6,5.52
8/23/2019,91,6,5.46
8/24/2019,75,6,4.5
8/25/2019,75,6,4.5
8/26/2019,83,6,4.98
8/27/2019,82,6,4.92
8/28/2019,77,6,4.62
8/29/2019,72,6,4.32
8/30/2019,77,6,4.62
8/31/2019,63,6,3.78
9/1/2019,57,6,3.42
9/2/2019,68,6,4.08
9/3/2019,68,6,4.08
9/4/2019,73,6,4.38
9/5/2019,61,6,3.66
9/6/2019,58,6,3.48
9/7/2019,47,6,2.82
9/8/2019,50,6,3
9/9/2019,76,6,4.56
9/10/2019,82,6,4.92
9/11/2019,61,6,3.66
9/12/2019,66,6,3.96
9/13/2019,57,6,3.42
9/14/2019,61,6,3.66
9/15/2019,65,6,3.9
9/16/2019,74,6,4.44
9/17/2019,91,6,5.46
9/18/2019,92,6,5.52
9/19/2019,100,6,6
9/20/2019,73,6,4.38
9/21/2019,65,6,3.9
9/22/2019,80,6,4.8
9/23/2019,65,6,3.9
9/24/2019,98,6,5.88
9/25/2019,90,6,5.4
9/26/2019,82,6,4.92
9/27/2019,85,6,5.1
9/28/2019,71,6,4.26
9/29/2019,56,6,3.36
9/30/2019,72,6,4.32
10/1/2019,82,6,4.92
10/2/2019,71,6,4.26
10/3/2019,77,6,4.62
10/4/2019,68,6,4.08
10/5/2019,65,6,3.9
10/6/2019,67,6,4.02
10/7/2019,67,6,4.02
10/8/2019,78,6,4.68
10/9/2019,86,6,5.16
10/10/2019,70,6,4.2
10/11/2019,81,6,4.86
10/12/2019,61,6,3.66
10/13/2019,77,6,4.62
10/14/2019,83,6,4.98
10/15/2019,78,6,4.68
10/16/2019,90,6,5.4
10/17/2019,77,6,4.62
10/18/2019,81,6,4.86
10/19/2019,46,6,2.76
10/20/2019,64,6,3.84
10/21/2019,69,6,4.14
10/22/2019,72,6,4.32
10/23/2019,83,6,4.98
10/24/2019,75,6,4.5
10/25/2019,74,6,4.44
10/26/2019,84,6,5.04
10/27/2019,59,6,3.54
10/28/2019,74,6,4.44
10/29/2019,100,6,6
10/30/2019,60,6,3.6
10/31/2019,70,6,4.2
11/1/2019,72,5,3.6
11/2/2019,62,5,3.1
11/3/2019,77,5,3.85
11/4/2019,76,5,3.8
11/5/2019,86,5,4.3
11/6/2019,97,5,4.85
11/7/2019,79,5,3.95
11/8/2019,81,5,4.05
11/9/2019,64,5,3.2
11/10/2019,68,5,3.4
11/11/2019,80,5,4
11/12/2019,82,5,4.1
11/13/2019,93,5,4.65
11/14/2019,87,5,4.35
11/15/2019,75,5,3.75
11/16/2019,60,5,3
11/17/2019,67,5,3.35
11/18/2019,87,5,4.35
11/19/2019,80,5,4
11/20/2019,82,5,4.1
11/21/2019,92,5,4.6
11/22/2019,92,5,4.6
11/23/2019,66,5,3.3
11/24/2019,67,5,3.35
11/25/2019,100,5,5
11/26/2019,90,5,4.5
11/27/2019,83,5,4.15
11/28/2019,92,5,4.6
11/29/2019,70,5,3.5
11/30/2019,81,5,4.05
12/1/2019,78,5,3.9
12/2/2019,96,5,4.8
12/3/2019,78,5,3.9
12/4/2019,89,5,4.45
12/5/2019,82,5,4.1
12/6/2019,85,5,4.25
12/7/2019,89,5,4.45
12/8/2019,75,5,3.75
12/9/2019,74,5,3.7
12/10/2019,94,5,4.7
12/11/2019,94,5,4.7
12/12/2019,85,5,4.25
12/13/2019,74,5,3.7
12/14/2019,73,5,3.65
12/15/2019,63,5,3.15
12/16/2019,72,5,3.6
12/17/2019,100,5,5
12/18/2019,92,5,4.6
12/19/2019,95,5,4.75
12/20/2019,71,5,3.55
12/21/2019,63,5,3.15
12/22/2019,75,5,3.75
12/23/2019,76,5,3.8
12/24/2019,70,5,3.5
12/25/2019,74,5,3.7
12/26/2019,90,5,4.5
12/27/2019,70,5,3.5
12/28/2019,97,5,4.85
12/29/2019,84,5,4.2
12/30/2019,77,5,3.85
12/31/2019,74,5,3.7
1/1/2020,59,7,4.13
1/2/2020,67,7,4.69
1/3/2020,62,7,4.34
1/4/2020,53,7,3.71
1/5/2020,72,7,5.04
1/6/2020,76,7,5.32
1/7/2020,70,7,4.9
1/8/2020,78,7,5.46
1/9/2020,68,7,4.76
1/10/2020,59,7,4.13
1/11/2020,61,7,4.27
1/12/2020,57,7,3.99
1/13/2020,56,7,3.92
1/14/2020,78,7,5.46
1/15/2020,86,7,6.02
1/16/2020,64,7,4.48
1/17/2020,100,7,7
1/18/2020,79,7,5.53
1/19/2020,59,7,4.13
1/20/2020,69,7,4.83
1/21/2020,68,7,4.76
1/22/2020,86,7,6.02
1/23/2020,69,7,4.83
1/24/2020,70,7,4.9
1/25/2020,54,7,3.78
1/26/2020,61,7,4.27
1/27/2020,66,7,4.62
1/28/2020,82,7,5.74
1/29/2020,74,7,5.18
1/30/2020,80,7,5.6
1/31/2020,70,7,4.9
2/1/2020,42,9,3.78
2/2/2020,48,9,4.32
2/3/2020,44,9,3.96
2/4/2020,54,9,4.86
2/5/2020,57,9,5.13
2/6/2020,63,9,5.67
2/7/2020,74,9,6.66
2/8/2020,62,9,5.58
2/9/2020,57,9,5.13
2/10/2020,62,9,5.58
2/11/2020,71,9,6.39
2/12/2020,100,9,9
2/13/2020,94,9,8.46
2/14/2020,67,9,6.03
2/15/2020,68,9,6.12
2/16/2020,66,9,5.94
2/17/2020,68,9,6.12
2/18/2020,67,9,6.03
2/19/2020,71,9,6.39
2/20/2020,76,9,6.84
2/21/2020,60,9,5.4
2/22/2020,46,9,4.14
2/23/2020,52,9,4.68
2/24/2020,59,9,5.31
2/25/2020,53,9,4.77
2/26/2020,59,9,5.31
2/27/2020,58,9,5.22
2/28/2020,58,9,5.22
2/29/2020,46,9,4.14
3/1/2020,63,8,5.04
3/2/2020,66,8,5.28
3/3/2020,70,8,5.6
3/4/2020,65,8,5.2
3/5/2020,60,8,4.8
3/6/2020,70,8,5.6
3/7/2020,60,8,4.8
3/8/2020,52,8,4.16
3/9/2020,76,8,6.08
3/10/2020,68,8,5.44
3/11/2020,62,8,4.96
3/12/2020,87,8,6.96
3/13/2020,100,8,8
3/14/2020,68,8,5.44
3/15/2020,60,8,4.8
3/16/2020,84,8,6.72
3/17/2020,64,8,5.12
3/18/2020,72,8,5.76
3/19/2020,66,8,5.28
3/20/2020,65,8,5.2
3/21/2020,72,8,5.76
3/22/2020,61,8,4.88
3/23/2020,61,8,4.88
3/24/2020,59,8,4.72
3/25/2020,64,8,5.12
3/26/2020,62,8,4.96
3/27/2020,56,8,4.48
3/28/2020,53,8,4.24
3/29/2020,57,8,4.56
3/30/2020,52,8,4.16
3/31/2020,59,8,4.72
4/1/2020,55,8,4.4
4/2/2020,69,8,5.52
4/3/2020,58,8,4.64
4/4/2020,57,8,4.56
4/5/2020,55,8,4.4
4/6/2020,77,8,6.16
4/7/2020,74,8,5.92
4/8/2020,65,8,5.2
4/9/2020,65,8,5.2
4/10/2020,61,8,4.88
4/11/2020,62,8,4.96
4/12/2020,68,8,5.44
4/13/2020,71,8,5.68
4/14/2020,63,8,5.04
4/15/2020,61,8,4.88
4/16/2020,65,8,5.2
4/17/2020,73,8,5.84
4/18/2020,69,8,5.52
4/19/2020,69,8,5.52
4/20/2020,72,8,5.76
4/21/2020,76,8,6.08
4/22/2020,82,8,6.56
4/23/2020,79,8,6.32
4/24/2020,83,8,6.64
4/25/2020,87,8,6.96
4/26/2020,74,8,5.92
4/27/2020,79,8,6.32
4/28/2020,81,8,6.48
4/29/2020,100,8,8
4/30/2020,99,8,7.92
5/1/2020,79,9,7.11
5/2/2020,79,9,7.11
5/3/2020,84,9,7.56
5/4/2020,74,9,6.66
5/5/2020,76,9,6.84
5/6/2020,82,9,7.38
5/7/2020,81,9,7.29
5/8/2020,84,9,7.56
5/9/2020,84,9,7.56
5/10/2020,90,9,8.1
5/11/2020,79,9,7.11
5/12/2020,82,9,7.38
5/13/2020,78,9,7.02
5/14/2020,100,9,9
5/15/2020,70,9,6.3
5/16/2020,73,9,6.57
5/17/2020,77,9,6.93
5/18/2020,81,9,7.29
5/19/2020,80,9,7.2
5/20/2020,84,9,7.56
5/21/2020,82,9,7.38
5/22/2020,70,9,6.3
5/23/2020,65,9,5.85
5/24/2020,61,9,5.49
5/25/2020,70,9,6.3
5/26/2020,67,9,6.03
5/27/2020,67,9,6.03
5/28/2020,77,9,6.93
5/29/2020,73,9,6.57
5/30/2020,92,9,8.28
5/31/2020,91,9,8.19
6/1/2020,77,9,6.93
6/2/2020,100,9,9
6/3/2020,79,9,7.11
6/4/2020,87,9,7.83
6/5/2020,81,9,7.29
6/6/2020,80,9,7.2
6/7/2020,81,9,7.29
6/8/2020,89,9,8.01
6/9/2020,81,9,7.29
6/10/2020,73,9,6.57
6/11/2020,89,9,8.01
6/12/2020,72,9,6.48
6/13/2020,86,9,7.74
6/14/2020,74,9,6.66
6/15/2020,84,9,7.56
6/16/2020,83,9,7.47
6/17/2020,75,9,6.75
6/18/2020,71,9,6.39
6/19/2020,64,9,5.76
6/20/2020,75,9,6.75
6/21/2020,61,9,5.49
6/22/2020,87,9,7.83
6/23/2020,92,9,8.28
6/24/2020,79,9,7.11
6/25/2020,78,9,7.02
6/26/2020,78,9,7.02
6/27/2020,69,9,6.21
6/28/2020,78,9,7.02
6/29/2020,72,9,6.48
6/30/2020,80,9,7.2
7/1/2020,34,11,3.74
7/2/2020,37,11,4.07
7/3/2020,39,11,4.29
7/4/2020,34,11,3.74
7/5/2020,39,11,4.29
7/6/2020,40,11,4.4
7/7/2020,39,11,4.29
7/8/2020,49,11,5.39
7/9/2020,47,11,5.17
7/10/2020,42,11,4.62
7/11/2020,35,11,3.85
7/12/2020,38,11,4.18
7/13/2020,40,11,4.4
7/14/2020,40,11,4.4
7/15/2020,31,11,3.41
7/16/2020,39,11,4.29
7/17/2020,37,11,4.07
7/18/2020,34,11,3.74
7/19/2020,36,11,3.96
7/20/2020,33,11,3.63
7/21/2020,41,11,4.51
7/22/2020,44,11,4.84
7/23/2020,59,11,6.49
7/24/2020,62,11,6.82
7/25/2020,75,11,8.25
7/26/2020,93,11,10.23
7/27/2020,90,11,9.9
7/28/2020,70,11,7.7
7/29/2020,69,11,7.59
7/30/2020,62,11,6.82
7/31/2020,78,11,8.58
8/1/2020,84,15,12.6
8/2/2020,100,15,15
8/3/2020,85,15,12.75
8/4/2020,87,15,13.05
8/5/2020,74,15,11.1
8/6/2020,68,15,10.2
8/7/2020,67,15,10.05
8/8/2020,56,15,8.4
8/9/2020,60,15,9
8/10/2020,62,15,9.3
8/11/2020,55,15,8.25
8/12/2020,49,15,7.35
8/13/2020,57,15,8.55
8/14/2020,83,15,12.45
8/15/2020,67,15,10.05
8/16/2020,65,15,9.75
8/17/2020,64,15,9.6
8/18/2020,57,15,8.55
8/19/2020,55,15,8.25
8/20/2020,53,15,7.95
8/21/2020,53,15,7.95
8/22/2020,48,15,7.2
8/23/2020,42,15,6.3
8/24/2020,40,15,6
8/25/2020,54,15,8.1
8/26/2020,40,15,6
8/27/2020,43,15,6.45
8/28/2020,46,15,6.9
8/29/2020,42,15,6.3
8/30/2020,46,15,6.9
8/31/2020,55,15,8.25
9/1/2020,100,12,12
9/2/2020,88,12,10.56
9/3/2020,78,12,9.36
9/4/2020,74,12,8.88
9/5/2020,87,12,10.44
9/6/2020,76,12,9.12
9/7/2020,82,12,9.84
9/8/2020,69,12,8.28
9/9/2020,65,12,7.8
9/10/2020,64,12,7.68
9/11/2020,59,12,7.08
9/12/2020,61,12,7.32
9/13/2020,62,12,7.44
9/14/2020,55,12,6.6
9/15/2020,59,12,7.08
9/16/2020,59,12,7.08
9/17/2020,59,12,7.08
9/18/2020,59,12,7.08
9/19/2020,56,12,6.72
9/20/2020,47,12,5.64
9/21/2020,60,12,7.2
9/22/2020,50,12,6
9/23/2020,50,12,6
9/24/2020,58,12,6.96
9/25/2020,54,12,6.48
9/26/2020,52,12,6.24
9/27/2020,44,12,5.28
9/28/2020,45,12,5.4
9/29/2020,60,12,7.2
9/30/2020,49,12,5.88
10/1/2020,69,9,6.21
10/2/2020,67,9,6.03
10/3/2020,55,9,4.95
10/4/2020,63,9,5.67
10/5/2020,74,9,6.66
10/6/2020,71,9,6.39
10/7/2020,69,9,6.21
10/8/2020,67,9,6.03
10/9/2020,67,9,6.03
10/10/2020,77,9,6.93
10/11/2020,68,9,6.12
10/12/2020,76,9,6.84
10/13/2020,67,9,6.03
10/14/2020,67,9,6.03
10/15/2020,62,9,5.58
10/16/2020,65,9,5.85
10/17/2020,57,9,5.13
10/18/2020,66,9,5.94
10/19/2020,65,9,5.85
10/20/2020,63,9,5.67
10/21/2020,80,9,7.2
10/22/2020,100,9,9
10/23/2020,99,9,8.91
10/24/2020,83,9,7.47
10/25/2020,76,9,6.84
10/26/2020,73,9,6.57
10/27/2020,83,9,7.47
10/28/2020,79,9,7.11
10/29/2020,73,9,6.57
10/30/2020,66,9,5.94
10/31/2020,77,9,6.93
11/1/2020,33,15,4.95
11/2/2020,31,15,4.65
11/3/2020,28,15,4.2
11/4/2020,27,15,4.05
11/5/2020,38,15,5.7
11/6/2020,42,15,6.3
11/7/2020,48,15,7.2
11/8/2020,40,15,6
11/9/2020,45,15,6.75
11/10/2020,41,15,6.15
11/11/2020,47,15,7.05
11/12/2020,40,15,6
11/13/2020,47,15,7.05
11/14/2020,38,15,5.7
11/15/2020,38,15,5.7
11/16/2020,40,15,6
11/17/2020,57,15,8.55
11/18/2020,60,15,9
11/19/2020,50,15,7.5
11/20/2020,62,15,9.3
11/21/2020,77,15,11.55
11/22/2020,72,15,10.8
11/23/2020,91,15,13.65
11/24/2020,99,15,14.85
11/25/2020,100,15,15
11/26/2020,76,15,11.4
11/27/2020,58,15,8.7
11/28/2020,55,15,8.25
11/29/2020,59,15,8.85
11/30/2020,75,15,11.25
12/1/2020,79,17,13.43
12/2/2020,54,17,9.18
12/3/2020,57,17,9.69
12/4/2020,55,17,9.35
12/5/2020,44,17,7.48
12/6/2020,47,17,7.99
12/7/2020,47,17,7.99
12/8/2020,49,17,8.33
12/9/2020,45,17,7.65
12/10/2020,43,17,7.31
12/11/2020,36,17,6.12
12/12/2020,37,17,6.29
12/13/2020,38,17,6.46
12/14/2020,39,17,6.63
12/15/2020,44,17,7.48
12/16/2020,54,17,9.18
12/17/2020,88,17,14.96
12/18/2020,65,17,11.05
12/19/2020,59,17,10.03
12/20/2020,58,17,9.86
12/21/2020,55,17,9.35
12/22/2020,49,17,8.33
12/23/2020,52,17,8.84
12/24/2020,53,17,9.01
12/25/2020,56,17,9.52
12/26/2020,66,17,11.22
12/27/2020,89,17,15.13
12/28/2020,100,17,17
12/29/2020,85,17,14.45
12/30/2020,86,17,14.62
12/31/2020,82,17,13.94
1/1/2021,32,50,16
1/2/2021,40,50,20
1/3/2021,88,50,44
1/4/2021,100,50,50
1/5/2021,79,50,39.5
1/6/2021,80,50,40
1/7/2021,100,50,50
1/8/2021,97,50,48.5
1/9/2021,79,50,39.5
1/10/2021,87,50,43.5
1/11/2021,92,50,46
1/12/2021,63,50,31.5
1/13/2021,57,50,28.5
1/14/2021,60,50,30
1/15/2021,57,50,28.5
1/16/2021,54,50,27
1/17/2021,47,50,23.5
1/18/2021,48,50,24
1/19/2021,83,50,41.5
1/20/2021,67,50,33.5
1/21/2021,61,50,30.5
1/22/2021,63,50,31.5
1/23/2021,51,50,25.5
1/24/2021,53,50,26.5
1/25/2021,70,50,35
1/26/2021,55,50,27.5
1/27/2021,54,50,27
1/28/2021,52,50,26
1/29/2021,69,50,34.5
1/30/2021,54,50,27
1/31/2021,49,50,24.5
2/1/2021,52,60,31.2
2/2/2021,68,60,40.8
2/3/2021,90,60,54
2/4/2021,93,60,55.8
2/5/2021,77,60,46.2
2/6/2021,80,60,48
2/7/2021,78,60,46.8
2/8/2021,86,60,51.6
2/9/2021,95,60,57
2/10/2021,82,60,49.2
2/11/2021,74,60,44.4
2/12/2021,73,60,43.8
2/13/2021,70,60,42
2/14/2021,69,60,41.4
2/15/2021,69,60,41.4
2/16/2021,68,60,40.8
2/17/2021,71,60,42.6
2/18/2021,85,60,51
2/19/2021,82,60,49.2
2/20/2021,96,60,57.6
2/21/2021,82,60,49.2
2/22/2021,87,60,52.2
2/23/2021,100,60,60
2/24/2021,80,60,48
2/25/2021,64,60,38.4
2/26/2021,66,60,39.6
2/27/2021,60,60,36
2/28/2021,70,60,42
3/1/2021,97,39,37.83
3/2/2021,90,39,35.1
3/3/2021,83,39,32.37
3/4/2021,74,39,28.86
3/5/2021,70,39,27.3
3/6/2021,78,39,30.42
3/7/2021,87,39,33.93
3/8/2021,87,39,33.93
3/9/2021,98,39,38.22
3/10/2021,88,39,34.32
3/11/2021,83,39,32.37
3/12/2021,82,39,31.98
3/13/2021,100,39,39
3/14/2021,99,39,38.61
3/15/2021,85,39,33.15
3/16/2021,83,39,32.37
3/17/2021,74,39,28.86
3/18/2021,74,39,28.86
3/19/2021,71,39,27.69
3/20/2021,71,39,27.69
3/21/2021,73,39,28.47
3/22/2021,72,39,28.08
3/23/2021,69,39,26.91
3/24/2021,69,39,26.91
3/25/2021,74,39,28.86
3/26/2021,66,39,25.74
3/27/2021,59,39,23.01
3/28/2021,61,39,23.79
3/29/2021,70,39,27.3
3/30/2021,80,39,31.2
3/31/2021,77,39,30.03
4/1/2021,62,51,31.62
4/2/2021,86,51,43.86
4/3/2021,82,51,41.82
4/4/2021,64,51,32.64
4/5/2021,68,51,34.68
4/6/2021,70,51,35.7
4/7/2021,62,51,31.62
4/8/2021,57,51,29.07
4/9/2021,49,51,24.99
4/10/2021,62,51,31.62
4/11/2021,58,51,29.58
4/12/2021,60,51,30.6
4/13/2021,77,51,39.27
4/14/2021,88,51,44.88
4/15/2021,94,51,47.94
4/16/2021,94,51,47.94
4/17/2021,76,51,38.76
4/18/2021,96,51,48.96
4/19/2021,76,51,38.76
4/20/2021,70,51,35.7
4/21/2021,71,51,36.21
4/22/2021,91,51,46.41
4/23/2021,86,51,43.86
4/24/2021,68,51,34.68
4/25/2021,61,51,31.11
4/26/2021,73,51,37.23
4/27/2021,79,51,40.29
4/28/2021,83,51,42.33
4/29/2021,91,51,46.41
4/30/2021,77,51,39.27
5/1/2021,47,100,47
5/2/2021,46,100,46
5/3/2021,78,100,78
5/4/2021,86,100,86
5/5/2021,75,100,75
5/6/2021,71,100,71
5/7/2021,61,100,61
5/8/2021,68,100,68
5/9/2021,77,100,77
5/10/2021,89,100,89
5/11/2021,69,100,69
5/12/2021,75,100,75
5/13/2021,88,100,88
5/14/2021,62,100,62
5/15/2021,55,100,55
5/16/2021,57,100,57
5/17/2021,65,100,65
5/18/2021,52,100,52
5/19/2021,100,100,100
5/20/2021,72,100,72
5/21/2021,60,100,60
5/22/2021,55,100,55
5/23/2021,71,100,71
5/24/2021,64,100,64
5/25/2021,55,100,55
5/26/2021,52,100,52
5/27/2021,43,100,43
5/28/2021,43,100,43
5/29/2021,41,100,41
5/30/2021,42,100,42
5/31/2021,40,100,40
